포착일,회사명,최신_회사명,1,2,3,4,5,6,7,8,9,10,11,12,13,14,15,16,17,18,19,20
2023-09-15,진양폴리,진양폴리,6.138933764135703,5.492730210016155,12.762520193861066,12.60096930533118,15.508885298869144,14.70113085621971,8.239095315024231,8.723747980613894,5.169628432956381,3.715670436187399,5.008077544426494,13.893376413570275,12.924071082390952,9.36995153473344,8.239095315024231,8.723747980613894,8.723747980613894,5.492730210016155,5.977382875605816,5.008077544426494
2023-09-15,교보11호스펙,제이투케이바이오,62.5,62.5,62.5,62.5,62.5,62.5,62.5,62.5,62.5,62.5,62.5,62.5,62.5,62.5,62.5,62.5,62.5,62.5,62.5,62.5
2023-09-18,씨씨에스,씨씨에스,5.701078582434515,10.323574730354391,24.80739599383667,46.5331278890601,77.19568567026194,78.73651771956857,76.42526964560862,106.47149460708782,99.53775038520801,110.16949152542372,120.64714946070877,119.10631741140216,170.87827426810478,171.80277349768875,185.2080123266564,186.90292758089367,196.45608628659477,200.0,143.45146379044684,70.41602465331279
2023-09-19,KR모터스,KR모터스,-6.524694154961486,-4.848210240144994,-2.899864068871772,-6.524694154961486,-4.485727231536022,11.508835523334843,9.016764839148166,-0.40779338468509285,4.077933846850929,-9.15269596737653,-12.822836429542365,-12.958767557770729,-17.806977797915724,-20.52560036248301,-18.849116447666518,-12.958767557770729,-21.341187131853196,-22.881739918441323,-26.280018124150427,-25.237879474399637
2023-09-20,SK디스커버리우,SK디스커버리우,-2.2364217252396164,-0.9584664536741214,-2.2364217252396164,-3.6741214057507987,-3.8338658146964857,-6.869009584664537,-4.313099041533546,-3.3546325878594248,-3.8338658146964857,-3.1948881789137378,-3.1948881789137378,-1.7571884984025559,-0.6389776357827476,-0.6389776357827476,-1.1182108626198082,-2.7156549520766773,-3.1948881789137378,-4.15335463258786,-4.952076677316294,-4.952076677316294
2023-09-21,아센디오,아센디오,-6.672597864768683,6.850533807829182,11.565836298932384,5.249110320284697,7.206405693950178,0.9786476868327402,4.092526690391459,5.960854092526691,9.430604982206406,4.1814946619217075,-5.871886120996441,-14.05693950177936,-14.145907473309608,3.469750889679715,-3.8256227758007118,7.6512455516014235,1.9572953736654803,9.341637010676157,9.07473309608541,11.654804270462634
2023-09-21,진양산업,진양산업,6.142857142857143,10.0,4.714285714285714,3.8571428571428568,-2.7142857142857144,-2.857142857142857,-0.14285714285714285,2.857142857142857,2.857142857142857,2.4285714285714284,0.14285714285714285,-0.7142857142857143,1.4285714285714286,-0.4285714285714286,-1.4285714285714286,-2.2857142857142856,-2.0,0.0,-1.8571428571428572,-3.1428571428571432
2023-09-21,씨씨에스,씨씨에스,17.40740740740741,41.9753086419753,43.20987654320987,41.358024691358025,65.4320987654321,59.876543209876544,68.39506172839506,76.79012345679013,75.55555555555556,117.03703703703702,117.77777777777779,128.51851851851853,129.87654320987653,137.53086419753086,140.37037037037038,95.06172839506173,36.54320987654321,42.46913580246914,66.79012345679011,93.08641975308643
2023-09-22,모두투어리츠,스타리츠,1.9450800915331807,6.064073226544623,5.949656750572083,3.775743707093822,4.004576659038902,2.9748283752860414,0.9153318077803204,2.059496567505721,3.6613272311212817,6.292906178489703,7.437070938215102,8.123569794050344,7.437070938215102,7.894736842105263,8.695652173913043,7.551487414187644,8.695652173913043,8.466819221967963,7.665903890160183,7.780320366132723
2023-09-22,케이엠,케이엠,-3.0592734225621414,-4.97131931166348,-4.684512428298279,-8.030592734225621,-8.795411089866157,-8.795411089866157,-9.369024856596559,-8.508604206500955,-7.552581261950286,-5.927342256214149,-8.98661567877629,-9.177820267686425,-9.177820267686425,-10.133843212237094,-12.523900573613766,-14.340344168260039,-11.759082217973232,-11.089866156787762,-12.045889101338432,-12.045889101338432
2023-09-25,현대리바트,현대리바트,-2.6115342763873777,-2.176278563656148,-5.658324265505985,-7.1817192600652895,-3.917301414581066,-6.528835690968444,-6.093579978237215,-5.549510337323178,-7.399347116430903,-9.793253536452665,-9.684439608269859,-10.990206746463548,-12.404787812840043,-14.58106637649619,-15.995647442872688,-9.031556039173013,-11.31664853101197,-14.798694232861806,-14.798694232861806,-13.166485310119697
2023-09-25,KISCO홀딩스,KISCO홀딩스,2.0561685055165495,13.34002006018054,3.3099297893681046,5.817452357071214,5.817452357071214,3.0591775325977935,5.315947843530592,5.817452357071214,6.569709127382146,6.318956870611836,8.826479438314944,8.324974924774322,7.57271815446339,6.318956870611836,5.315947843530592,5.566700100300903,6.820461384152457,5.817452357071214,5.315947843530592,4.563691073219659
2023-09-26,모두투어리츠,스타리츠,-0.10787486515641855,-2.157497303128371,-1.9417475728155338,-2.912621359223301,-4.854368932038835,-3.7756202804746493,-2.26537216828479,0.2157497303128371,1.2944983818770228,1.9417475728155338,1.2944983818770228,1.7259978425026967,2.481121898597627,1.4023732470334414,2.481121898597627,2.26537216828479,1.5102481121898599,1.6181229773462782,3.7756202804746493,5.285868392664509
2023-09-27,KR모터스,KR모터스,-2.2348638764729785,-10.68671271840715,-6.663957740755791,-18.529053230394148,-21.8203982121089,-21.942299878098336,-26.290125965054855,-28.728159284843557,-27.224705404307194,-21.942299878098336,-29.45956928078017,-30.8411214953271,-33.88866314506298,-32.954083705810646,-33.07598537180008,-35.554652580251926,-36.611133685493705,-37.54571312474604,-39.65867533522958,-40.22754977651361
2023-09-27,KISCO홀딩스,KISCO홀딩스,-8.849557522123893,-6.637168141592921,-6.637168141592921,-9.070796460176991,-7.079646017699115,-6.637168141592921,-5.9734513274336285,-6.1946902654867255,-3.982300884955752,-4.424778761061947,-5.0884955752212395,-6.1946902654867255,-7.079646017699115,-6.8584070796460175,-5.752212389380531,-6.637168141592921,-7.079646017699115,-7.7433628318584065,-7.964601769911504,-6.637168141592921
2023-09-27,씨씨에스,씨씨에스,17.03056768558952,13.100436681222707,19.12663755458515,25.065502183406114,24.192139737991265,53.53711790393013,54.061135371179034,61.65938864628821,62.620087336244545,68.0349344978166,70.04366812227074,37.99126637554585,-3.406113537117904,0.7860262008733625,17.99126637554585,36.5938864628821,40.262008733624455,69.78165938864629,82.09606986899564,86.02620087336244
2023-10-04,삼보산업,삼보산업,-1.3146362839614372,5.083260297984225,5.784399649430324,8.501314636283961,4.031551270815075,-1.9281332164767746,-1.9281332164767746,3.1551270815074495,-0.26292725679228746,0.35056967572305,-1.0517090271691498,-6.134969325153374,4.294478527607362,19.193689745836984,16.389132340052587,23.137598597721297,22.261174408413673,15.687992988606487,19.456617002629272,22.611744084136724
2023-10-06,삼보산업,삼보산업,0.6672226855713094,3.252710592160134,-1.0008340283569641,-6.672226855713094,-6.672226855713094,-1.834862385321101,-5.087572977481234,-4.5037531276063385,-5.838198498748957,-10.67556296914095,-0.7506255212677231,13.427856547122602,10.758965804837365,17.180984153461218,16.34695579649708,10.091743119266056,13.678065054211844,16.680567139282733,29.357798165137616,26.271893244370307
2023-10-06,종근당,종근당,-1.344364012409514,1.9648397104446742,3.3092037228541886,3.4126163391933813,3.6194415718717683,2.8955532574974145,0.1034126163391934,-3.5160289555325748,-4.239917269906929,-3.1023784901758016,-4.3433298862461225,-3.5160289555325748,-5.584281282316442,-3.3092037228541886,-3.9296794208893484,-1.861427094105481,-2.1716649431230612,-0.7238883143743536,4.963805584281282,32.36814891416753
2023-10-10,솔고바이오,솔고바이오,4.565217391304348,4.130434782608695,6.956521739130435,6.304347826086956,6.956521739130435,2.8260869565217392,7.608695652173914,5.217391304347826,1.7391304347826086,3.0434782608695654,2.391304347826087,-1.956521739130435,0.0,1.7391304347826086,1.5217391304347827,1.7391304347826086,1.5217391304347827,1.0869565217391304,1.7391304347826086,3.91304347826087
2023-10-10,시공테크,시공테크,0.3558718861209964,-1.2455516014234875,-7.11743772241993,-6.405693950177936,-3.9145907473309607,-5.871886120996441,-4.98220640569395,-4.98220640569395,-6.049822064056939,-3.3807829181494666,-3.9145907473309607,-6.405693950177936,-3.202846975088968,1.4234875444839856,-0.3558718861209964,0.0,0.0,1.2455516014234875,4.270462633451958,8.896797153024911
2023-10-10,카스,카스,-0.6798516687268232,-1.4215080346106306,-2.843016069221261,-3.584672435105068,-3.8936959208899875,-6.6749072929542645,-10.444993819530286,-6.736711990111248,-7.107540173053152,-7.107540173053152,-6.180469715698393,-8.899876390605685,-8.096415327564895,-7.911001236093942,-8.714462299134734,-7.107540173053152,-6.6749072929542645,-4.697156983930779,-6.242274412855377,-5.871446229913473
2023-10-10,텔코웨어,텔코웨어,2.5278058645096055,3.0333670374115265,3.0333670374115265,2.730030333670374,1.820020222446916,2.932254802831143,0.5055611729019212,-1.4155712841253791,1.1122345803842264,2.62891809908999,3.0333670374115265,2.8311425682507583,1.5166835187057632,0.8088978766430739,0.10111223458038424,0.3033367037411527,1.1122345803842264,1.5166835187057632,1.6177957532861478,1.1122345803842264
2023-10-11,SH에너지화학,SH에너지화학,-2.4725274725274726,4.670329670329671,9.340659340659341,14.148351648351648,16.758241758241756,21.84065934065934,14.423076923076922,7.280219780219781,5.769230769230769,8.516483516483516,4.258241758241758,2.8846153846153846,11.675824175824175,2.4725274725274726,6.181318681318682,6.593406593406594,5.357142857142857,3.571428571428571,-2.0604395604395602,-5.631868131868132
2023-10-11,대성에너지,대성에너지,-5.629139072847682,9.713024282560706,42.60485651214128,30.353200883002206,33.11258278145696,21.41280353200883,22.185430463576157,15.011037527593817,9.161147902869757,11.037527593818984,4.635761589403973,6.512141280353201,23.62030905077263,15.121412803532008,16.99779249448124,14.90066225165563,13.134657836644593,8.609271523178808,0.44150110375275936,-5.629139072847682
2023-10-12,대림B&Co,대림B&Co,-1.1278195488721803,-0.37593984962406013,1.5037593984962405,0.12531328320802004,-0.12531328320802004,2.506265664160401,3.007518796992481,3.8847117794486214,5.263157894736842,0.2506265664160401,3.508771929824561,1.1278195488721803,2.380952380952381,0.5012531328320802,0.6265664160401002,2.756892230576441,1.3784461152882206,2.756892230576441,0.7518796992481203,1.0025062656641603
2023-10-12,오스템,오스템,0.9211873080859775,0.1023541453428864,-0.1023541453428864,-1.842374616171955,-4.042988741044012,-7.471852610030706,-6.345957011258956,-5.271238485158649,-0.8188331627430911,-0.7676560900716478,-1.586489252814739,2.610030706243603,3.3776867963152504,4.912998976458546,3.121801432958035,7.2159672466734905,7.2159672466734905,5.424769703172978,5.1688843398157625,2.3541453428863868
2023-10-12,나노캠텍,나노캠텍,1.7769002961500493,0.09871668311944717,-6.219151036525173,-4.738400789733465,0.0,-0.9871668311944718,-5.429417571569595,-8.7857847976308,-10.661401776900297,-12.734452122408687,-13.524185587364265,-10.069101678183614,-3.751233958538993,1.085883514313919,-0.4935834155972359,-2.270483711747285,-1.2833168805528135,-0.7897334649555774,-1.8756169792694966,-1.2833168805528135
2023-10-12,보령,보령,-2.667893284268629,-2.2999080036798527,-4.139834406623735,-5.887764489420423,-5.979760809567617,-9.751609935602575,-9.383624655013799,-10.119595216191353,-12.419503219871206,-15.731370745170192,-16.927322907083717,-16.927322907083717,-17.203311867525297,-19.22723091076357,-16.467341306347745,-16.283348666053357,-10.763569457221712,-12.97148114075437,-10.671573137074516,-11.499540018399264
2023-10-13,SH에너지화학,SH에너지화학,4.4619422572178475,9.05511811023622,11.548556430446194,16.404199475065617,9.317585301837271,2.493438320209974,1.0498687664041995,3.674540682414698,-0.39370078740157477,-1.7060367454068242,6.692913385826772,-2.099737532808399,1.4435695538057742,1.837270341207349,0.6561679790026247,-1.0498687664041995,-6.4304461942257225,-9.84251968503937,-10.761154855643044,-12.46719160104987
2023-10-13,나노캠텍,나노캠텍,-1.6488845780795343,-7.856450048496605,-6.401551891367604,-1.7458777885548011,-2.7158098933074686,-7.080504364694471,-10.37827352085354,-12.221144519883609,-14.25800193986421,-15.033947623666343,-11.639185257032008,-5.431619786614937,-0.6789524733268671,-2.2308438409311346,-3.976721629485936,-3.0067895247332688,-2.521823472356935,-3.5887487875848687,-3.0067895247332688,-0.7759456838021339
2023-10-13,대성에너지,대성에너지,29.979879275653925,18.81287726358149,21.32796780684105,10.663983903420524,11.368209255533198,4.82897384305835,-0.5030181086519114,1.2072434607645874,-4.627766599597585,-2.9175050301810868,12.676056338028168,4.929577464788732,6.639839034205232,4.7283702213279675,3.118712273641851,-1.0060362173038229,-8.450704225352112,-13.98390342052314,-17.90744466800805,-20.52313883299799
2023-10-13,제이엠티,제이엠티,-0.35842293906810035,4.659498207885305,0.35842293906810035,-2.1505376344086025,0.4778972520908005,3.464755077658303,7.287933094384708,7.646356033452808,7.526881720430108,-0.35842293906810035,7.048984468339308,-1.4336917562724014,2.5089605734767026,6.093189964157706,6.093189964157706,3.345280764635603,2.7479091995221028,3.464755077658303,7.287933094384708,10.15531660692951
2023-10-16,경동도시가스,경동도시가스,-2.083333333333333,-3.2407407407407405,-5.324074074074074,-4.166666666666666,-8.796296296296296,-10.231481481481481,-8.88888888888889,-11.574074074074074,-11.296296296296296,-8.37962962962963,-10.694444444444445,-9.907407407407408,-11.018518518518519,-10.277777777777777,-9.722222222222223,-10.277777777777777,-10.092592592592593,-10.092592592592593,-9.49074074074074,-9.12037037037037
2023-10-17,비즈니스온,비즈니스온,-3.728813559322034,-3.796610169491525,-4.610169491525424,-3.796610169491525,-0.8135593220338984,1.966101694915254,2.3728813559322033,-5.694915254237288,-0.4067796610169492,-0.2033898305084746,0.5423728813559322,-2.2372881355932206,1.0847457627118644,3.796610169491525,9.627118644067796,8.47457627118644,7.389830508474576,3.6610169491525424,1.8983050847457625,0.9491525423728813
2023-10-18,SK가스,SK가스,3.219927095990279,-2.7339003645200486,-5.103280680437424,-8.809234507897933,-7.715674362089915,-10.631834750911299,-10.267314702308628,-9.53827460510328,-10.08505467800729,-8.323207776427703,-9.842041312272174,-8.687727825030377,-9.113001215066829,-8.99149453219927,-10.631834750911299,-11.057108140947753,-10.267314702308628,-10.631834750911299,-10.874848116646415,-10.08505467800729
2023-10-23,지엔코,지엔코,-1.6129032258064515,-3.8306451612903225,-2.0161290322580645,-4.435483870967742,-1.2096774193548387,-3.024193548387097,-0.8064516129032258,-5.040322580645161,-5.64516129032258,-9.67741935483871,-10.28225806451613,-11.491935483870968,-11.693548387096774,-11.693548387096774,-15.120967741935484,-13.306451612903224,-6.653225806451612,7.862903225806452,9.879032258064516,20.161290322580644
2023-10-24,제이엠티,제이엠티,0.33407572383073497,0.22271714922048996,-7.126948775055679,-0.22271714922048996,-8.129175946547884,-4.4543429844097995,-1.1135857461024499,-1.1135857461024499,-3.6748329621380846,-4.231625835189309,-3.5634743875278394,0.0,2.6726057906458798,-8.017817371937639,-10.244988864142538,-12.806236080178174,-12.91759465478842,-14.699331848552339,-10.913140311804009,-10.356347438752785
2023-10-25,HK이노엔,HK이노엔,-0.9195402298850575,-2.2988505747126435,-1.1494252873563218,-0.6896551724137931,0.0,-0.45977011494252873,-4.137931034482759,-3.5632183908045976,-2.528735632183908,3.4482758620689653,1.7241379310344827,0.6896551724137931,-1.264367816091954,-1.7241379310344827,-3.3333333333333335,-3.3333333333333335,-2.8735632183908044,-1.9540229885057472,-3.218390804597701,-4.482758620689655
2023-10-26,지엘팜텍,지엘팜텍,-11.880341880341879,-3.8461538461538463,1.7094017094017095,1.0256410256410255,0.8547008547008548,4.871794871794872,-0.8547008547008548,-0.5982905982905984,-1.282051282051282,-4.615384615384616,-3.418803418803419,-7.435897435897436,7.094017094017094,8.205128205128204,6.153846153846154,19.14529914529915,28.205128205128204,45.2991452991453,34.18803418803419,35.55555555555556
2023-10-27,SNT다이내믹스,SNT다이내믹스,10.236220472440944,3.3070866141732282,5.511811023622047,2.8346456692913384,12.598425196850393,8.346456692913385,7.4015748031496065,3.779527559055118,6.771653543307086,4.724409448818897,4.645669291338582,8.267716535433072,7.7952755905511815,10.078740157480315,22.440944881889763,14.960629921259844,12.598425196850393,11.496062992125983,11.73228346456693,8.661417322834646
2023-10-27,삼보산업,삼보산업,-0.7117437722419928,-6.049822064056939,-2.9893238434163703,-0.42704626334519574,10.391459074733095,7.758007117437722,11.814946619217082,20.0711743772242,12.669039145907474,4.697508896797153,4.128113879003559,6.334519572953737,5.338078291814947,-4.056939501779359,-7.544483985765124,-2.491103202846975,-5.124555160142349,-4.6263345195729535,0.8540925266903915,3.6298932384341636
2023-10-30,극동유화,극동유화,-3.4990791896869244,-7.366482504604052,-6.8139963167587485,-7.366482504604052,-14.917127071823206,-19.521178637200737,-23.756906077348066,-24.30939226519337,-25.78268876611418,-23.480662983425415,-23.02025782688766,-23.02025782688766,-22.65193370165746,-20.810313075506446,-10.865561694290976,-13.075506445672191,-6.629834254143646,-9.760589318600369,-10.773480662983426,-13.259668508287293
2023-10-30,SNT다이내믹스,SNT다이내믹스,-6.2857142857142865,-4.285714285714286,-6.714285714285714,2.142857142857143,-1.7142857142857144,-2.571428571428571,-5.857142857142858,-3.1428571428571432,-5.0,-5.071428571428571,-1.7857142857142856,-2.214285714285714,-0.14285714285714285,11.071428571428571,4.285714285714286,2.142857142857143,1.1428571428571428,1.3571428571428572,-1.4285714285714286,-0.07142857142857142
2023-10-30,미래에셋생명,미래에셋생명,0.1984126984126984,4.9603174603174605,-2.6785714285714284,1.984126984126984,0.7936507936507936,6.15079365079365,10.119047619047619,8.928571428571429,8.333333333333332,5.753968253968254,2.976190476190476,-4.662698412698413,-3.273809523809524,-2.4801587301587302,0.0,3.1746031746031744,3.968253968253968,6.547619047619048,3.373015873015873,4.563492063492063
2023-10-30,오스템,오스템,0.7481296758104738,2.2443890274314215,0.4987531172069825,4.488778054862843,4.488778054862843,2.7431421446384037,2.493765586034913,-0.24937655860349126,-1.7456359102244388,-2.2443890274314215,-2.4438902743142146,0.24937655860349126,-2.8428927680798006,-3.0423940149625937,-3.0423940149625937,-0.6483790523690772,-1.0473815461346634,-2.0947630922693268,-3.092269326683292,-2.892768079800499
2023-10-30,시공테크,시공테크,-1.7543859649122806,-1.4035087719298245,-1.4035087719298245,-0.17543859649122806,2.807017543859649,7.368421052631578,8.596491228070176,10.526315789473683,4.385964912280701,4.2105263157894735,8.24561403508772,7.368421052631578,6.842105263157896,2.631578947368421,10.526315789473683,14.385964912280702,21.052631578947366,6.491228070175438,3.8596491228070176,3.1578947368421053
2023-10-30,유니드,유니드,6.573426573426573,7.6923076923076925,9.230769230769232,10.76923076923077,8.251748251748252,9.79020979020979,9.93006993006993,6.293706293706294,4.195804195804196,3.2167832167832167,5.734265734265734,8.811188811188812,10.06993006993007,9.230769230769232,8.531468531468532,7.8321678321678325,6.573426573426573,3.2167832167832167,6.993006993006993,5.734265734265734
2023-11-01,오스템,오스템,-1.707317073170732,2.195121951219512,2.195121951219512,0.4878048780487805,0.24390243902439024,-2.4390243902439024,-3.902439024390244,-4.390243902439024,-4.585365853658536,-1.951219512195122,-4.975609756097561,-5.170731707317073,-5.170731707317073,-2.829268292682927,-3.2195121951219514,-4.2439024390243905,-5.219512195121951,-5.024390243902439,-4.7317073170731705,-5.317073170731708
2023-11-01,모두투어리츠,스타리츠,3.515625,11.328125,12.3046875,3.515625,6.4453125,16.015625,26.3671875,15.625,11.1328125,13.0859375,16.6015625,17.578125,18.5546875,25.9765625,25.1953125,42.3828125,57.2265625,91.6015625,149.0234375,152.1484375
2023-11-02,씨씨에스,씨씨에스,29.8372513562387,23.869801084990957,26.94394213381555,23.32730560578662,20.976491862567812,30.560578661844485,30.560578661844485,22.78481012658228,15.370705244122965,17.17902350813743,9.764918625678119,2.5316455696202533,4.520795660036167,1.0849909584086799,4.159132007233273,2.5316455696202533,-3.79746835443038,-16.817359855334537,-27.48643761301989,-17.90235081374322
2023-11-02,유니드,유니드,1.4084507042253522,-0.8962868117797695,0.5121638924455826,0.6402048655569782,-2.6888604353393086,-4.609475032010243,-5.505761843790013,-3.201024327784891,-0.3841229193341869,0.7682458386683738,0.0,-0.6402048655569782,-1.2804097311139564,-2.4327784891165174,-5.505761843790013,-2.0486555697823303,-3.201024327784891,-1.792573623559539,-0.7682458386683738,-3.4571062740076828
2023-11-02,테크윙,테크윙,-0.881057268722467,1.1013215859030838,1.5418502202643172,0.881057268722467,-2.5330396475770924,1.3215859030837005,0.0,0.0,0.5506607929515419,7.488986784140969,6.387665198237885,7.819383259911894,7.158590308370044,7.3788546255506615,3.0837004405286343,4.074889867841409,9.030837004405285,8.480176211453745,7.3788546255506615,5.286343612334802
2023-11-03,동성제약,동성제약,-3.91304347826087,6.3768115942028984,-1.4492753623188406,-5.36231884057971,-7.536231884057972,-6.3768115942028984,-3.3333333333333335,-5.072463768115942,-5.217391304347826,-7.246376811594203,-8.840579710144928,-7.391304347826087,-8.840579710144928,-8.405797101449275,-11.014492753623188,-12.608695652173912,-10.72463768115942,-10.72463768115942,-11.304347826086957,-11.014492753623188
2023-11-03,삼일기업공사,삼일기업공사,1.5457788347205708,0.0,-2.853745541022592,-7.491082045184304,-4.399524375743162,-8.085612366230679,-6.183115338882283,-3.4482758620689653,-3.4482758620689653,-3.329369797859691,-2.0214030915576697,-0.47562425683709864,0.47562425683709864,0.0,-1.426872770511296,-3.804994054696789,-4.875148632580261,-4.5184304399524375,-1.9024970273483945,-2.6159334126040426
2023-11-03,SNT다이내믹스,SNT다이내믹스,-3.7762237762237763,-4.615384615384616,-7.8321678321678325,-5.174825174825175,-6.993006993006993,-7.062937062937063,-3.8461538461538463,-4.265734265734266,-2.237762237762238,8.741258741258742,2.097902097902098,0.0,-0.9790209790209791,-0.7692307692307693,-3.4965034965034967,-2.1678321678321675,-0.48951048951048953,2.307692307692308,2.937062937062937,10.909090909090908
2023-11-03,하인크코리아,엑스플러스,-3.4521158129175946,-2.783964365256125,1.670378619153675,3.78619153674833,3.8975501113585747,1.0022271714922049,1.8374164810690423,0.8351893095768375,-1.2249443207126949,-1.1135857461024499,-2.6169265033407574,-5.289532293986636,-13.474387527839642,-8.07349665924276,-3.0623608017817374,-3.8975501113585747,-7.2383073496659245,-8.184855233853007,-10.412026726057906,3.6191536748329622
2023-11-03,우리바이오,우리바이오,4.4520547945205475,-0.8561643835616438,-1.0273972602739725,-5.650684931506849,-7.191780821917808,-5.993150684931506,-3.767123287671233,-3.0821917808219177,-0.684931506849315,-5.47945205479452,-3.2534246575342465,-2.910958904109589,-2.73972602739726,0.684931506849315,-4.10958904109589,-9.246575342465754,-10.787671232876713,-11.13013698630137,-10.445205479452055,-10.616438356164384
2023-11-06,한국앤컴퍼니,한국앤컴퍼니,0.07017543859649122,-3.3684210526315788,-2.8771929824561404,-1.8947368421052633,-1.8947368421052633,0.5614035087719298,1.4035087719298245,1.7543859649122806,-6.4561403508771935,-9.894736842105264,-8.140350877192983,-7.719298245614035,-6.87719298245614,-4.631578947368421,-1.1929824561403508,-0.21052631578947367,-0.4912280701754386,2.526315789473684,8.210526315789474,18.035087719298247
2023-11-06,시공테크,시공테크,4.436860068259386,5.631399317406143,7.508532423208192,1.5358361774744027,1.3651877133105803,5.290102389078498,4.436860068259386,3.9249146757679183,-0.17064846416382254,7.508532423208192,11.262798634812286,17.747440273037544,3.583617747440273,1.023890784982935,0.3412969283276451,9.726962457337883,-17.49146757679181,-18.771331058020476,-20.13651877133106,-20.989761092150168
2023-11-06,앤디포스,앤디포스,1.3333333333333335,-1.2,-0.9333333333333335,-1.3333333333333335,0.5333333333333333,-1.3333333333333335,5.733333333333333,8.799999999999999,11.466666666666667,9.6,12.0,24.666666666666668,29.333333333333332,30.533333333333335,28.133333333333333,17.866666666666667,17.2,24.53333333333333,28.000000000000004,27.73333333333333
2023-11-06,동아지질,동아지질,-1.5350877192982455,-2.1929824561403506,-3.216374269005848,-4.385964912280701,-6.067251461988303,-2.5584795321637426,-1.0964912280701753,-0.9502923976608186,-0.9502923976608186,0.0,0.7309941520467835,1.0964912280701753,-0.43859649122807015,0.6578947368421052,1.1695906432748537,0.9502923976608186,-4.093567251461988,-4.5321637426900585,-5.116959064327485,-5.0438596491228065
2023-11-07,유아이디,유아이디,-10.714285714285714,-14.285714285714285,-14.241071428571427,-16.383928571428573,-14.464285714285715,-24.732142857142858,-28.88392857142857,-32.410714285714285,-32.05357142857143,-29.107142857142858,-27.857142857142858,-28.794642857142854,-22.8125,-25.937500000000004,-31.339285714285715,-32.09821428571429,-30.53571428571429,-33.705357142857146,-35.66964285714286,-36.607142857142854
2023-11-07,레고켐바이오,리가켐바이오,0.3468208092485549,-1.8497109826589597,-3.6994219653179194,-5.317919075144509,-0.6936416184971098,5.780346820809249,1.2716763005780347,0.5780346820809248,3.236994219653179,7.398843930635839,6.011560693641618,6.358381502890173,4.046242774566474,1.3872832369942196,6.242774566473988,2.6589595375722546,4.277456647398844,13.294797687861271,14.682080924855493,12.601156069364162
2023-11-07,시공테크,시공테크,1.1437908496732025,2.941176470588235,-2.7777777777777777,-2.941176470588235,0.8169934640522877,0.0,-0.49019607843137253,-4.411764705882353,2.941176470588235,6.535947712418301,12.745098039215685,-0.8169934640522877,-3.2679738562091507,-3.9215686274509802,5.065359477124183,-20.996732026143793,-22.22222222222222,-23.52941176470588,-24.34640522875817,-26.552287581699346
2023-11-08,클리오,클리오,3.870967741935484,-0.4838709677419355,-3.064516129032258,-4.193548387096775,-1.7741935483870968,-0.4838709677419355,-4.032258064516129,-4.193548387096775,-5.64516129032258,-5.64516129032258,-3.064516129032258,-7.096774193548387,-7.580645161290322,-8.064516129032258,-6.451612903225806,-7.258064516129033,-7.258064516129033,-8.709677419354838,-9.838709677419356,-9.032258064516128
2023-11-08,KNN,KNN,-1.3043478260869565,-1.9130434782608694,-1.2173913043478262,-1.1304347826086958,1.2173913043478262,-0.43478260869565216,-4.782608695652174,-4.08695652173913,-4.782608695652174,7.82608695652174,4.521739130434783,1.8260869565217392,-5.565217391304348,-8.347826086956523,-11.565217391304348,-11.391304347826086,-10.695652173913043,-8.347826086956523,-6.0,-5.304347826086957
2023-11-09,한세실업,한세실업,-3.958333333333333,-3.3333333333333335,-7.291666666666667,-6.875000000000001,-4.166666666666666,-2.7083333333333335,-3.958333333333333,-1.875,-4.375,-7.5,-7.916666666666666,-8.125,-8.958333333333334,-11.458333333333332,-13.541666666666666,-12.708333333333332,-9.791666666666666,-10.0,-9.791666666666666,-12.083333333333334
2023-11-09,경농,경농,0.07496251874062969,-6.8215892053973,-0.6746626686656672,1.8740629685157422,-1.1244377811094453,-5.997001499250374,-9.820089955022489,-10.719640179910044,-14.017991004497752,-16.041979010494753,-16.4167916041979,-17.841079460269864,-19.415292353823087,-22.038980509745127,-21.66416791604198,-22.788605697151425,-22.038980509745127,-24.212893553223388,-23.838080959520237,-24.36281859070465
2023-11-10,모두투어리츠,스타리츠,-8.500772797527048,-12.055641421947449,-10.510046367851624,-7.727975270479134,-6.9551777434312205,-6.182380216383308,-0.3091190108191654,-0.9273570324574961,12.673879443585781,24.420401854714065,51.622874806800624,97.06336939721793,99.53632148377125,97.99072642967542,82.22565687789799,91.80834621329211,93.04482225656878,94.74497681607419,91.49922720247295,97.83616692426584
2023-11-10,제이엠티,제이엠티,-10.412147505422993,-12.58134490238612,-15.075921908893708,-15.184381778741866,-16.919739696312362,-13.232104121475055,-12.689804772234273,-13.99132321041215,-16.052060737527114,-16.811279826464208,-19.305856832971802,-18.872017353579178,-19.84815618221258,-18.329718004338392,-17.570498915401302,-19.522776572668114,-22.66811279826464,-21.149674620390453,-21.149674620390453,-20.932754880694144
2023-11-10,안랩,안랩,-3.343023255813953,-2.9069767441860463,-3.0523255813953485,-2.9069767441860463,-2.9069767441860463,-1.5988372093023258,-1.88953488372093,-0.5813953488372093,0.0,-0.14534883720930233,-0.872093023255814,-0.7267441860465116,0.872093023255814,0.436046511627907,0.436046511627907,1.308139534883721,2.616279069767442,3.488372093023256,4.505813953488372,5.813953488372093
2023-11-10,에이디엠코리아,에이디엠코리아,-17.17902350813743,-14.828209764918626,-13.5623869801085,-16.817359855334537,-21.518987341772153,-22.24231464737794,-16.817359855334537,-18.264014466546115,-18.083182640144667,-20.61482820976492,-23.508137432188065,-22.965641952983727,-22.965641952983727,-22.24231464737794,-28.64376130198915,-28.860759493670884,-28.896925858951178,-26.220614828209765,-26.763110307414106,-26.763110307414106
2023-11-13,한화투자증권,한화투자증권,0.0,-5.985915492957746,-1.936619718309859,-5.633802816901409,-4.225352112676056,-3.5211267605633805,-4.577464788732395,-1.232394366197183,-1.936619718309859,-1.584507042253521,-3.169014084507042,-3.873239436619718,-3.345070422535211,-1.056338028169014,23.767605633802816,14.788732394366196,16.725352112676056,11.443661971830986,11.443661971830986,7.746478873239436
2023-11-13,한화투자증권우,한화투자증권우,2.491103202846975,-3.9145907473309607,1.4234875444839856,-3.9145907473309607,-2.491103202846975,-2.6690391459074734,-5.338078291814947,-3.558718861209965,-4.270462633451958,-4.092526690391459,-6.049822064056939,-5.6939501779359425,-2.491103202846975,2.135231316725979,32.74021352313167,72.41992882562278,124.02135231316727,104.62633451957295,110.85409252669038,68.32740213523132
2023-11-14,하츠,하츠,-1.0256410256410255,-1.1965811965811968,-0.8547008547008548,-2.2222222222222223,-2.2222222222222223,-3.418803418803419,-2.564102564102564,-3.9316239316239314,-5.128205128205128,-4.615384615384616,-4.957264957264957,-5.128205128205128,-5.47008547008547,-7.0085470085470085,-7.863247863247863,-3.2478632478632483,-3.076923076923077,-3.076923076923077,-3.2478632478632483,-3.418803418803419
2023-11-14,정다운,정다운,0.6993006993006993,2.4475524475524475,2.097902097902098,5.594405594405594,7.3426573426573425,8.566433566433567,5.944055944055944,1.9230769230769231,0.34965034965034963,1.2237762237762237,0.5244755244755245,-2.6223776223776225,-4.72027972027972,-4.370629370629371,-1.9230769230769231,-3.3216783216783217,-3.146853146853147,-3.6713286713286712,-2.097902097902098,-2.272727272727273
2023-11-14,오뚜기,오뚜기,-2.2388059701492535,-2.736318407960199,-1.1194029850746268,-1.1194029850746268,-1.9900497512437811,-1.4925373134328357,-1.2437810945273633,-1.2437810945273633,-0.9950248756218906,-2.4875621890547266,-5.099502487562189,-5.845771144278607,-5.472636815920398,-4.975124378109453,-4.975124378109453,-3.3582089552238807,-3.3582089552238807,-4.353233830845771,-4.353233830845771,-3.731343283582089
2023-11-14,플레이위드,플레이위드,5.859375,-7.291666666666667,-5.46875,-5.078125,-3.90625,-3.90625,-8.984375,-9.505208333333332,-3.6458333333333335,-2.994791666666667,-4.6875,-16.40625,-20.963541666666664,-14.322916666666666,-15.104166666666666,-16.015625,-15.494791666666666,-19.270833333333336,-23.177083333333336,-22.395833333333336
2023-11-15,레고켐바이오,리가켐바이오,-4.2622950819672125,-4.918032786885246,-2.4043715846994536,1.530054644808743,0.2185792349726776,0.546448087431694,-1.639344262295082,-4.1530054644808745,0.4371584699453552,-2.9508196721311477,-1.4207650273224044,7.103825136612022,8.415300546448087,6.448087431693988,4.371584699453552,5.683060109289618,6.229508196721312,4.2622950819672125,3.4972677595628414,4.918032786885246
2023-11-15,SK,SK,0.4884004884004884,-0.4884004884004884,-0.06105006105006105,0.1221001221001221,-0.18315018315018314,-0.3052503052503053,-1.8925518925518925,-1.221001221001221,1.7094017094017095,0.5494505494505495,-0.1221001221001221,0.8547008547008548,2.1367521367521367,2.8693528693528694,3.1135531135531136,3.6019536019536016,4.273504273504273,4.273504273504273,4.700854700854701,5.006105006105006
2023-11-15,NH프라임리츠,NH프라임리츠,-1.4590347923681257,-0.5611672278338945,0.5611672278338945,0.6734006734006733,0.44893378226711567,0.6734006734006733,1.122334455667789,0.8978675645342313,0.33670033670033667,-5.836139169472503,-5.948372615039282,-6.846240179573512,-6.509539842873176,-6.621773288439956,-6.958473625140292,-7.519640852974187,-7.856341189674524,-8.19304152637486,-7.631874298540965,-7.182940516273851
2023-11-15,SK하이닉스,SK하이닉스,-1.342281879194631,-3.131991051454139,-2.013422818791946,-1.5659955257270695,-2.087994034302759,-2.982848620432513,-4.548844146159582,-2.535421327367636,-2.013422818791946,-2.759134973900075,-0.14914243102162564,-1.1185682326621924,-2.237136465324385,-6.114839671886651,-6.33855331841909,-6.33855331841909,-4.921700223713646,-3.877703206562267,-2.3117076808351977,-2.162565249813572
2023-11-16,텔코웨어,텔코웨어,-1.07421875,-0.68359375,-1.5625,-1.46484375,-1.3671875,-1.66015625,-2.5390625,-2.44140625,-2.34375,-3.41796875,-3.41796875,-2.34375,-2.34375,-2.34375,-1.953125,-2.44140625,-2.34375,-2.44140625,-2.05078125,-2.44140625
2023-11-16,SGC에너지,SGC에너지,-2.0761245674740483,-1.9031141868512111,-3.8062283737024223,-3.4602076124567476,-4.498269896193772,-1.5570934256055362,-0.6920415224913495,-2.768166089965398,0.6920415224913495,-0.17301038062283738,0.5190311418685121,2.768166089965398,0.8650519031141869,0.0,0.0,-1.2110726643598615,-1.0380622837370241,-1.2110726643598615,-3.9792387543252596,-3.4602076124567476
2023-11-16,한국앤컴퍼니,한국앤컴퍼니,-8.068965517241379,-11.448275862068966,-9.724137931034482,-9.310344827586208,-8.482758620689655,-6.275862068965517,-2.896551724137931,-1.9310344827586208,-2.206896551724138,0.7586206896551724,6.344827586206897,16.0,50.689655172413794,43.103448275862064,52.41379310344828,52.758620689655174,55.51724137931034,44.827586206896555,48.96551724137931,45.86206896551724
2023-11-16,우리엔터프라이즈,우리엔터프라이즈,-0.3658536585365854,-0.4878048780487805,-1.0365853658536586,2.8658536585365857,1.402439024390244,1.8292682926829267,-2.4390243902439024,1.707317073170732,3.2926829268292686,3.5975609756097557,6.158536585365853,8.414634146341465,7.1951219512195115,4.451219512195122,5.060975609756098,4.695121951219512,7.317073170731707,5.487804878048781,3.2926829268292686,9.75609756097561
2023-11-17,지엘팜텍,지엘팜텍,7.604017216642754,21.951219512195124,12.625538020086083,13.773314203730273,5.810616929698709,14.203730272596843,7.173601147776183,3.012912482065997,7.245337159253945,-6.025824964131994,-14.203730272596843,-17.14490674318508,-15.494978479196556,-19.655667144906744,-15.853658536585366,-14.992826398852225,-16.140602582496413,-17.647058823529413,-17.57532281205165,-19.010043041606885
2023-11-17,한진칼,한진칼,0.0,1.1342155009451798,1.3232514177693762,1.7013232514177694,1.3232514177693762,1.1342155009451798,2.0793950850661624,1.7013232514177694,1.890359168241966,-1.1342155009451798,-0.5671077504725899,-2.6465028355387523,0.1890359168241966,1.3232514177693762,1.7013232514177694,1.890359168241966,7.561436672967864,7.183364839319471,12.476370510396976,13.42155009451796
2023-11-20,지엔코,지엔코,1.006711409395973,0.8389261744966443,-0.5033557046979865,1.6778523489932886,-2.684563758389262,1.342281879194631,-2.348993288590604,2.1812080536912752,9.228187919463087,4.865771812080537,2.1812080536912752,4.697986577181208,-3.3557046979865772,-6.0402684563758395,-5.87248322147651,-7.046979865771812,-2.013422818791946,-10.906040268456376,-6.375838926174497,-6.0402684563758395
2023-11-20,제주반도체,제주반도체,-1.9120458891013385,2.294455066921606,12.810707456978967,18.35564053537285,32.122370936902485,30.019120458891013,41.87380497131931,48.565965583174,34.990439770554495,40.152963671128106,41.68260038240918,61.5678776290631,70.93690248565966,115.67877629063096,114.1491395793499,137.09369024856596,130.21032504780115,118.1644359464627,121.414913957935,137.66730401529637
2023-11-20,한국공항,한국공항,-2.4572649572649574,-2.8846153846153846,-4.487179487179487,-5.769230769230769,-5.555555555555555,-4.487179487179487,-5.128205128205128,-3.418803418803419,-3.9529914529914527,-2.8846153846153846,-2.3504273504273505,-3.5256410256410255,-3.9529914529914527,-4.487179487179487,-4.914529914529915,-5.3418803418803416,-1.0683760683760684,6.837606837606838,4.38034188034188,4.700854700854701
2023-11-21,SNT홀딩스,SNT홀딩스,-0.40299366724237184,-1.8422567645365575,-1.5544041450777202,-0.40299366724237184,-0.5181347150259068,-1.381692573402418,-1.496833621185953,-1.0362694300518136,-0.8059873344847437,1.6695451928612552,2.360391479562464,5.008635578583765,2.993667242371906,3.857225100748417,0.4605641911341394,0.7484168105929765,1.3241220495106505,0.6332757628094415,-0.4605641911341394,1.266551525618883
2023-11-21,이씨에스,이씨에스,0.26420079260237783,0.3963011889035667,-1.0568031704095113,-3.038309114927345,-3.302509907529723,-2.2457067371202113,-0.9247027741083224,-0.3963011889035667,-1.7173051519154559,-1.9815059445178336,-1.1889035667107,-3.038309114927345,-2.906208718626156,-3.5667107001321003,-4.623513870541611,-4.623513870541611,-5.284015852047556,-7.133421400264201,-4.491413474240423,-4.491413474240423
2023-11-21,제이에스코퍼레이션,제이에스코퍼레이션,-6.596306068601583,-6.54353562005277,-9.551451187335093,-10.817941952506596,-13.24538258575198,-14.511873350923482,-14.564643799472297,-15.672823218997362,-12.770448548812666,-14.511873350923482,-14.45910290237467,-14.353562005277047,-14.722955145118732,-11.609498680738787,-13.825857519788917,-11.767810026385224,-9.868073878627968,-7.862796833773087,-3.007915567282322,-4.907651715039578
2023-11-22,CJ대한통운,CJ대한통운,2.9946524064171123,2.4598930481283423,10.695187165775401,10.267379679144385,14.6524064171123,20.962566844919785,21.711229946524064,20.641711229946523,21.390374331550802,25.668449197860966,23.52941176470588,26.844919786096256,29.197860962566846,27.807486631016044,28.12834224598931,30.267379679144383,26.417112299465238,24.598930481283425,25.13368983957219,34.01069518716577
2023-11-22,대신정보통신,대신정보통신,-2.2428460943542152,-2.320185614849188,-4.021655065738592,-3.634957463263728,-2.6295436968290797,-2.6295436968290797,-2.474864655839134,-1.8561484918793503,-3.7122969837587005,-6.496519721577726,-7.8112915699922665,-4.098994586233565,-3.634957463263728,-3.3255993812838365,-2.165506573859242,-5.955143078112916,-2.474864655839134,-1.8561484918793503,-2.9389017788089715,-1.005413766434648
2023-11-22,우리엔터프라이즈,우리엔터프라이즈,-1.4226437462951986,-1.007705986959099,-5.157083580320094,-1.1262596324836989,0.4149377593360996,0.7113218731475993,3.2009484291641965,5.394190871369295,4.208654416123296,1.5411973918197985,2.133965619442798,1.7783046828689981,4.327208061647895,2.5489033787788973,0.4149377593360996,6.6982809721398935,3.2009484291641965,5.0978067575577946,5.0978067575577946,5.394190871369295
2023-11-23,노루홀딩스,노루홀딩스,-3.2800000000000002,-1.8399999999999999,-3.5999999999999996,-4.24,-3.6799999999999997,-4.16,-3.7600000000000002,-2.8000000000000003,-4.0,-2.48,-4.16,-5.6000000000000005,-5.84,-6.800000000000001,-6.72,-3.36,-4.24,-5.4399999999999995,-5.04,-5.6000000000000005
2023-11-23,원익큐브,원익큐브,-3.746701846965699,-8.232189973614776,-8.865435356200528,-10.29023746701847,-8.284960422163588,-9.393139841688654,-7.9155672823219,-9.445910290237466,-8.918205804749341,-9.70976253298153,-7.33509234828496,-7.862796833773087,-7.651715039577836,-7.7044854881266485,19.788918205804748,16.094986807387862,36.675461741424805,36.93931398416886,34.82849604221636,21.63588390501319
2023-11-23,누리플렉스,누리플렉스,0.17123287671232876,-3.4246575342465753,-3.4246575342465753,-4.280821917808219,-3.2534246575342465,0.684931506849315,3.767123287671233,0.17123287671232876,1.0273972602739725,0.17123287671232876,-0.5136986301369862,-1.36986301369863,-1.7123287671232876,-2.3972602739726026,-2.054794520547945,-1.1986301369863013,-1.0273972602739725,-0.8561643835616438,-1.36986301369863,-1.1986301369863013
2023-11-23,리파인,리파인,0.44150110375275936,-0.6622516556291391,-2.5386313465783665,-4.304635761589404,-4.746136865342163,3.3112582781456954,2.6490066225165565,-1.7660044150110374,-1.545253863134658,-3.090507726269316,0.33112582781456956,-0.22075055187637968,-1.7660044150110374,-1.2141280353200883,-4.083885209713024,-4.525386313465784,-2.980132450331126,-3.3112582781456954,-3.090507726269316,-1.2141280353200883
2023-11-23,사조대림,사조대림,3.2061068702290076,-2.2900763358778624,-1.5267175572519083,-1.0687022900763359,-1.3740458015267176,-3.816793893129771,-1.6793893129770994,2.7480916030534353,0.0,-0.6106870229007634,-0.15267175572519084,-2.595419847328244,-2.595419847328244,4.580152671755725,2.595419847328244,-0.45801526717557256,-0.15267175572519084,1.6793893129770994,2.7480916030534353,-0.15267175572519084
2023-11-23,모두투어리츠,스타리츠,10.425240054869684,34.5679012345679,74.8971193415638,77.09190672153635,75.7201646090535,61.72839506172839,70.23319615912207,71.33058984910838,72.8395061728395,69.95884773662551,75.58299039780522,92.04389574759945,76.81755829903977,76.5432098765432,75.30864197530865,67.07818930041152,67.3525377229081,74.34842249657065,66.66666666666666,62.002743484224965
2023-11-24,사조대림,사조대림,-5.325443786982249,-4.585798816568047,-4.142011834319527,-4.437869822485207,-6.804733727810651,-4.733727810650888,-0.4437869822485207,-3.106508875739645,-3.698224852071006,-3.2544378698224854,-5.621301775147929,-5.621301775147929,1.3313609467455623,-0.591715976331361,-3.5502958579881656,-3.2544378698224854,-1.4792899408284024,-0.4437869822485207,-3.2544378698224854,-3.4023668639053253
2023-11-24,엠브레인,엠브레인,0.0,0.15432098765432098,-1.5432098765432098,0.0,0.15432098765432098,0.0,-1.0802469135802468,0.0,0.30864197530864196,0.4629629629629629,0.0,-0.15432098765432098,0.0,-2.006172839506173,-3.8580246913580245,-5.864197530864197,-4.166666666666666,-3.7037037037037033,-5.092592592592593,-5.246913580246913
2023-11-27,에이디테크놀로지,에이디테크놀로지,0.3389830508474576,-1.864406779661017,-4.23728813559322,-5.423728813559322,-7.457627118644068,-11.525423728813559,-11.864406779661017,-15.254237288135593,-11.864406779661017,-8.813559322033898,-8.47457627118644,-8.305084745762711,-8.64406779661017,-10.847457627118644,-9.491525423728813,-10.0,-5.762711864406779,-4.576271186440678,1.0169491525423728,9.661016949152543
2023-11-27,제주반도체,제주반도체,-1.5918958031837915,7.380607814761215,12.445730824891461,2.170767004341534,6.078147612156296,7.23589001447178,22.286541244573083,29.377713458755427,63.24167872648335,62.08393632416788,79.45007235890014,74.24023154848047,65.12301013024602,67.58321273516643,79.88422575976846,77.27930535455862,74.8191027496382,83.64688856729377,83.64688856729377,96.38205499276411
2023-11-28,백산,백산,2.6,1.6,-1.5,0.2,0.8,3.0,1.0,0.3,2.7,0.8999999999999999,0.2,8.4,6.9,6.800000000000001,5.7,8.7,11.0,4.5,3.3000000000000003,1.0
2023-11-29,제주반도체,제주반도체,4.716981132075472,-4.8517520215633425,-1.2129380053908356,-0.13477088948787064,13.881401617250674,20.485175202156334,52.02156334231805,50.943396226415096,67.11590296495957,62.264150943396224,53.77358490566038,56.06469002695418,67.52021563342318,65.09433962264151,62.8032345013477,71.02425876010781,71.02425876010781,82.88409703504043,84.63611859838275,84.63611859838275
2023-11-29,큐알티,큐알티,1.7498379779650033,3.240440699935191,-2.0090732339598185,-1.8794556059624108,6.5456902138690864,4.471808165910564,8.749189889825017,4.342190537913156,3.629293583927414,0.5832793259883344,0.12961762799740764,-1.814646791963707,4.342190537913156,4.342190537913156,-0.06480881399870382,-2.3331173039533377,-0.5184705119896306,-4.860661049902787,-4.277381723914452,-2.9812054439403757
2023-11-29,웰크론,웰크론,-2.157164869029276,5.238828967642527,2.465331278890601,5.3929121725731894,7.395993836671804,3.5439137134052388,12.942989214175654,10.323574730354391,0.46224961479198773,-1.078582434514638,-5.084745762711865,-2.773497688751926,-4.468412942989214,-4.160246533127889,-4.006163328197227,-6.471494607087827,-7.0878274268104775,-6.933744221879815,-5.3929121725731894,-4.314329738058552
2023-11-29,안랩,안랩,-0.43227665706051877,-0.43227665706051877,0.43227665706051877,1.729106628242075,2.5936599423631126,3.602305475504323,4.899135446685879,6.772334293948126,2.4495677233429394,5.187319884726225,4.755043227665706,3.45821325648415,-1.0086455331412103,0.1440922190201729,-0.7204610951008645,-1.440922190201729,-0.1440922190201729,0.2881844380403458,0.0,-0.7204610951008645
2023-11-30,크라운제과우,크라운제과우,-0.6956521739130435,0.8695652173913043,-4.608695652173913,-2.5217391304347827,3.304347826086956,1.8260869565217392,7.82608695652174,6.695652173913043,1.3043478260869565,-1.9130434782608694,-3.5652173913043477,-2.0,-3.739130434782609,-5.130434782608695,-4.08695652173913,-4.3478260869565215,-4.3478260869565215,-7.043478260869565,-6.173913043478261,-6.608695652173912
2023-12-01,쌍용정보통신,쌍용정보통신,1.3544018058690745,-1.2415349887133182,-0.1128668171557562,-1.4672686230248306,-0.2257336343115124,-0.1128668171557562,-1.805869074492099,-2.0316027088036117,-0.6772009029345373,1.580135440180587,0.6772009029345373,0.0,-0.2257336343115124,-1.1286681715575622,-0.33860045146726864,0.2257336343115124,1.1286681715575622,1.0158013544018059,2.144469525959368,1.0158013544018059
2023-12-01,큐알티,큐알티,-5.084745762711865,-4.959196484620213,3.2015065913371,1.1927181418706843,5.335844318895166,1.0671688637790333,0.3766478342749529,-2.573760200878845,-3.0131826741996233,-4.8964218455743875,1.0671688637790333,1.0671688637790333,-3.2015065913371,-5.398618957940992,-3.640929064657878,-7.846829880728186,-7.281858129315756,-6.0263653483992465,2.7620841180163214,1.694915254237288
2023-12-01,알테오젠,알테오젠,-4.963680387409201,-9.806295399515738,-10.895883777239709,-11.138014527845035,-10.53268765133172,-11.98547215496368,-12.711864406779661,-15.738498789346247,-15.980629539951574,-17.91767554479419,-12.34866828087167,-12.469733656174334,-11.864406779661017,6.658595641646489,6.416464891041162,11.259079903147699,16.94915254237288,19.249394673123486,10.774818401937045,9.564164648910412
2023-12-01,성신양회우,성신양회우,0.42765502494654317,-7.697790449037776,-3.5637918745545263,-3.5637918745545263,-7.982893799002139,-8.41054882394868,-6.9137562366357805,-9.123307198859587,-9.907341411261582,-9.764789736279402,-9.62223806129722,-10.263720598717036,-10.620099786172489,-10.263720598717036,-11.332858161083392,-11.261582323592302,-12.045616535994299,-11.404133998574483,-11.119030648610122,-11.119030648610122
2023-12-01,한국앤컴퍼니,한국앤컴퍼니,9.07911802853437,41.69909208819715,34.56549935149157,43.320363164721144,43.64461738002594,46.23865110246433,36.18677042801556,40.07782101167315,37.159533073929964,2.7885862516212714,14.785992217898833,13.03501945525292,14.785992217898833,10.959792477302205,6.22568093385214,8.949416342412452,-0.5836575875486382,1.1673151750972763,-0.38910505836575876,-0.648508430609598
2023-12-01,웰크론,웰크론,-2.635431918008785,0.14641288433382138,2.049780380673499,-1.610541727672035,7.320644216691069,4.831625183016105,-4.538799414348463,-6.002928257686676,-9.809663250366032,-7.613469985358712,-9.224011713030746,-8.931185944363104,-8.784773060029282,-11.127379209370424,-11.71303074670571,-11.566617862371888,-10.102489019033674,-9.077598828696926,-7.46705710102489,-7.759882869692533
2023-12-04,SK디스커버리우,SK디스커버리우,-1.0542168674698795,-1.2048192771084338,-1.2048192771084338,-3.0120481927710845,-4.367469879518072,-4.969879518072289,-5.271084337349398,-5.72289156626506,-5.72289156626506,-5.72289156626506,-5.572289156626506,-4.518072289156627,-4.367469879518072,-4.066265060240964,-5.271084337349398,-8.433734939759036,-7.83132530120482,-7.228915662650602,-8.132530120481928,-7.83132530120482
2023-12-04,SK디앤디,SK디앤디,2.022644827965263,3.583598988677586,5.292953721006925,4.517972958118062,-1.4015609541607124,-1.2476640650763988,-4.517972958118062,-10.283609981312521,-10.591403759481148,-10.12421677476091,-8.568758931515884,-6.700010992634935,-8.25546883587996,-5.298450038474222,-2.335934923601187,-4.050785973397823,-8.101571946795646,-10.283609981312521,-7.788281851159723,-9.50313290095636
2023-12-05,한전KPS,한전KPS,1.702127659574468,1.8439716312056738,0.851063829787234,1.5602836879432624,2.6950354609929077,2.4113475177304964,2.269503546099291,1.4184397163120568,1.8439716312056738,1.1347517730496455,1.702127659574468,1.1347517730496455,1.4184397163120568,2.127659574468085,-2.6950354609929077,-3.404255319148936,-3.9716312056737593,-5.106382978723404,-5.957446808510639,-5.531914893617021
2023-12-06,지어소프트,지어소프트,-2.3126734505087883,-3.700277520814061,-4.3478260869565215,-4.6253469010175765,-5.735430157261795,-11.56336725254394,-11.47086031452359,-10.730804810360777,-10.545790934320074,-12.858464384828864,-16.743755781683625,-17.76133209990749,-15.448658649398705,-10.545790934320074,-11.748381128584644,-9.343200740055504,-1.942645698427382,-5.365402405180388,-8.325624421831638,-1.2950971322849214
2023-12-06,세경하이테크,세경하이테크,8.695652173913043,16.220735785953178,17.892976588628763,16.555183946488295,15.384615384615385,15.88628762541806,12.54180602006689,10.033444816053512,9.698996655518394,7.859531772575251,9.197324414715718,7.023411371237458,2.341137123745819,7.023411371237458,8.361204013377927,3.177257525083612,5.68561872909699,5.016722408026756,5.852842809364549,4.51505016722408
2023-12-07,SNT홀딩스,SNT홀딩스,-1.9188596491228072,-1.0964912280701753,-4.3311403508771935,-4.057017543859649,-3.508771929824561,-4.166666666666666,-5.208333333333334,-3.56359649122807,-3.8925438596491233,-5.427631578947369,-6.1951754385964914,-6.469298245614036,-6.469298245614036,-5.208333333333334,-5.427631578947369,-7.182017543859649,-6.633771929824562,-4.989035087719299,-5.81140350877193,-5.1535087719298245
2023-12-07,진양제약,진양제약,-2.627511591962906,-1.3910355486862442,-2.3183925811437405,-4.327666151468315,-4.01854714064915,-5.4095826893353935,-5.255023183925812,-5.7187017001545595,-4.1731066460587325,-5.255023183925812,-5.1004636785162285,-4.327666151468315,-4.482225656877898,-4.327666151468315,-2.009273570324575,-0.7727975270479135,-2.7820710973724885,-2.936630602782071,-3.7094281298299845,-2.472952086553323
2023-12-08,계양전기우,계양전기우,0.33444816053511706,-4.124860646599777,-2.787068004459309,-2.229654403567447,-2.229654403567447,-2.118171683389075,-3.5674470457079153,-6.800445930880714,-6.577480490523968,-7.357859531772576,-8.361204013377927,-8.58416945373467,-10.033444816053512,-9.364548494983277,-8.918617614269788,-8.918617614269788,-9.03010033444816,-9.141583054626533,-9.698996655518394,-6.688963210702341
2023-12-08,큐알티,큐알티,-4.052443384982122,-4.707985697258641,-7.508939213349225,-7.926102502979737,-9.713945172824792,-4.052443384982122,-4.052443384982122,-8.104886769964244,-10.190703218116806,-8.522050059594756,-12.514898688915377,-11.97854588796186,-10.786650774731823,-2.443384982121573,-3.4564958283671037,-3.2777115613825987,-6.555423122765197,-3.873659117997616,-0.834326579261025,-3.2181168057210967
2023-12-08,웰크론,웰크론,-2.3192360163710775,-11.050477489768076,-12.414733969986358,-15.961800818553886,-13.915416098226466,-15.416098226466577,-15.143246930422919,-15.006821282401091,-17.189631650750343,-17.735334242837652,-17.598908594815825,-16.234652114597544,-15.279672578444748,-13.77899045020464,-14.051841746248295,-15.279672578444748,-14.597544338335608,-16.371077762619375,-17.462482946793997,-18.55388813096862
2023-12-11,케이탑리츠,케이탑리츠,-0.46728971962616817,0.5607476635514018,0.9345794392523363,1.0280373831775702,-1.2149532710280373,-0.5607476635514018,0.09345794392523366,0.2803738317757009,0.9345794392523363,2.4299065420560746,-5.233644859813085,-4.672897196261682,-5.981308411214954,-6.915887850467289,-6.728971962616822,-7.102803738317758,-7.383177570093458,-7.663551401869159,-7.757009345794392,-7.570093457943925
2023-12-11,HLB,HLB,2.3494860499265786,1.908957415565345,18.79588839941263,27.900146842878122,29.22173274596182,44.49339207048458,47.72393538913363,48.604992657856094,46.69603524229075,45.37444933920705,49.48604992657856,48.89867841409692,56.24082232011748,54.18502202643172,35.095447870778266,39.94126284875183,40.969162995594715,43.61233480176212,40.23494860499266,38.91336270190896
2023-12-12,TJ미디어,TJ미디어,-1.7543859649122806,-3.508771929824561,-5.701754385964912,-3.508771929824561,-4.385964912280701,-3.654970760233918,-3.508771929824561,-4.5321637426900585,-5.555555555555555,-10.526315789473683,-9.649122807017543,-10.087719298245613,-10.526315789473683,-12.134502923976607,-11.549707602339181,-12.280701754385964,-11.842105263157894,-10.964912280701753,-10.818713450292398,-11.549707602339181
2023-12-12,폴라리스AI,폴라리스AI,-3.6274509803921573,-6.2745098039215685,-3.5294117647058822,-3.431372549019608,1.6666666666666667,-0.09803921568627451,-2.6470588235294117,-2.450980392156863,-1.7647058823529411,27.647058823529413,4.411764705882353,4.901960784313726,0.0,-3.431372549019608,14.411764705882351,9.019607843137255,14.019607843137255,7.156862745098039,4.705882352941177,3.431372549019608
2023-12-13,사조대림,사조대림,-1.897810218978102,-4.817518248175182,-4.525547445255475,-2.7737226277372264,-1.7518248175182483,-4.525547445255475,-4.671532846715328,-5.839416058394161,-9.343065693430656,-8.613138686131387,-5.109489051094891,-7.591240875912408,-4.963503649635037,-5.985401459854015,-4.087591240875913,-1.313868613138686,-3.9416058394160585,-2.7737226277372264,-4.817518248175182,-6.131386861313868
2023-12-13,바이오솔루션,바이오솔루션,-2.083333333333333,-0.8928571428571428,4.880952380952381,16.36904761904762,39.285714285714285,13.095238095238097,15.29761904761905,13.333333333333334,14.702380952380953,15.416666666666668,25.595238095238095,23.511904761904763,26.190476190476193,19.940476190476193,14.285714285714285,13.988095238095239,16.845238095238095,13.690476190476192,11.30952380952381,16.01190476190476
2023-12-14,케이탑리츠,케이탑리츠,0.0925925925925926,-2.1296296296296298,-1.4814814814814816,-0.8333333333333334,-0.6481481481481481,0.0,1.4814814814814816,-6.111111111111111,-5.555555555555555,-6.851851851851852,-7.777777777777778,-7.592592592592593,-7.962962962962964,-8.24074074074074,-8.518518518518519,-8.61111111111111,-8.425925925925926,-8.333333333333332,-8.88888888888889,-10.37037037037037
2023-12-14,HLB생명과학,HLB생명과학,2.4007386888273317,1.569713758079409,4.339796860572484,7.940904893813482,8.86426592797784,8.771929824561402,6.001846722068329,6.3711911357340725,5.724838411819022,5.632502308402586,3.8781163434903045,-5.355493998153278,-4.616805170821792,-4.616805170821792,-1.3850415512465373,-3.6011080332409975,-3.4164358264081254,-4.616805170821792,-6.278855032317636,-6.555863342566943
2023-12-15,커넥트웨이브,커넥트웨이브,3.9883973894126177,10.369833212472807,10.949963741841914,12.762871646120377,8.919506889050036,15.736040609137056,30.52936910804931,11.094996374184191,18.781725888324875,12.762871646120377,6.018854242204496,-0.290065264684554,-3.5532994923857872,-3.5532994923857872,-1.5953589557650472,1.015228426395939,0.9427121102248005,0.43509789702683105,0.9427121102248005,1.2327773749093547
2023-12-15,HLB글로벌,HLB글로벌,4.814004376367615,12.691466083150985,10.50328227571116,9.190371991247265,6.783369803063458,3.282275711159737,9.62800875273523,9.846827133479213,12.035010940919037,11.159737417943107,1.75054704595186,2.8446389496717726,1.312910284463895,3.391684901531729,1.312910284463895,0.5470459518599562,-1.0940919037199124,-4.048140043763676,-5.142231947483589,-6.564551422319474
2023-12-18,HDC,HDC,0.9915014164305949,3.1161473087818696,0.424929178470255,1.5580736543909348,0.9915014164305949,-0.84985835694051,-2.4079320113314444,-3.9660056657223794,-2.974504249291785,-3.5410764872521248,-3.824362606232295,-5.099150141643059,-5.099150141643059,-4.107648725212465,-5.240793201133145,-6.515580736543909,-7.932011331444759,-7.932011331444759,-8.356940509915015,-9.06515580736544
2023-12-19,엘티씨,엘티씨,9.01749663526245,13.391655450874831,8.882907133243608,8.344549125168237,6.3257065948856,1.8842530282637955,1.7496635262449527,5.854643337819651,6.3257065948856,3.566621803499327,4.643337819650068,3.970390309555855,-1.278600269179004,-0.6729475100942126,-4.104979811574697,-3.566621803499327,-0.3364737550471063,-1.0767160161507403,-1.4804845222072678,5.652759084791386
2023-12-20,퍼시스,퍼시스,0.0,-0.911854103343465,-3.343465045592705,-6.838905775075988,-7.29483282674772,-8.054711246200608,-8.358662613981762,-8.054711246200608,-7.90273556231003,-7.598784194528875,-7.90273556231003,-8.51063829787234,-8.662613981762918,-7.90273556231003,-7.90273556231003,-7.750759878419452,-7.90273556231003,-7.750759878419452,-7.598784194528875,-7.142857142857142
2023-12-21,삼화페인트,삼화페인트,0.0,0.7309941520467835,-2.923976608187134,-2.923976608187134,-3.070175438596491,-4.5321637426900585,-6.140350877192982,-6.725146198830409,-8.771929824561402,-6.725146198830409,-7.456140350877193,-5.994152046783626,-8.04093567251462,-9.064327485380117,-9.7953216374269,-11.549707602339181,-11.842105263157894,-11.988304093567251,-12.280701754385964,-11.695906432748536
2023-12-21,메이슨캐피탈,메이슨캐피탈,9.090909090909092,41.81818181818181,25.19480519480519,10.909090909090908,29.35064935064935,17.662337662337663,2.857142857142857,-2.0779220779220777,-4.675324675324675,-4.415584415584416,-8.571428571428571,-7.2727272727272725,-9.090909090909092,-9.35064935064935,-10.649350649350648,-10.129870129870131,-10.129870129870131,-9.61038961038961,-9.61038961038961,-13.246753246753245
2023-12-26,유일로보틱스,유일로보틱스,1.1583011583011582,2.7027027027027026,5.984555984555985,0.19305019305019305,0.5791505791505791,2.8957528957528957,2.3166023166023164,2.5096525096525095,2.8957528957528957,1.1583011583011582,1.9305019305019304,5.019305019305019,2.3166023166023164,-0.9652509652509652,-1.7374517374517375,1.9305019305019304,0.7722007722007722,-3.088803088803089,-2.5096525096525095,-5.212355212355212
2023-12-28,텔레칩스,텔레칩스,1.6516516516516515,-0.9009009009009009,-2.8528528528528527,-7.207207207207207,-6.906906906906906,-8.558558558558559,-9.45945945945946,-9.90990990990991,-11.561561561561561,-10.51051051051051,-11.411411411411411,-13.963963963963963,-12.162162162162163,-10.06006006006006,-5.8558558558558556,-6.906906906906906,-9.15915915915916,-9.90990990990991,-10.96096096096096,-15.465465465465467
2023-12-29,서연,서연,-1.9976498237367801,-6.462984723854288,-6.580493537015276,-7.1680376028202115,-7.873090481786134,-7.1680376028202115,-7.1680376028202115,-9.048178613396004,-9.753231492361927,-9.518213866039952,-12.220916568742656,-13.043478260869565,-11.163337250293772,-13.278495887191538,-12.45593419506463,-13.513513513513514,-12.45593419506463,-13.513513513513514,-11.045828437132785,-10.928319623971799
2024-01-02,하나제약,하나제약,-0.9040333796940195,-1.1126564673157162,-1.2517385257301807,-1.1821974965229485,-0.5563282336578581,-0.5563282336578581,-0.5563282336578581,-1.9471488178025034,-3.68567454798331,-3.9638386648122395,-6.11961057023644,-6.397774687065369,-6.11961057023644,-5.4242002781641165,-4.659248956884562,-5.563282336578582,-5.702364394993046,-4.937413073713491,-5.285118219749652,-6.536856745479833
2024-01-02,안국약품,안국약품,0.4020100502512563,-1.0050251256281406,-0.10050251256281408,-0.8040201005025126,-0.5025125628140703,-1.507537688442211,-0.5025125628140703,-1.507537688442211,-2.512562814070352,-3.919597989949749,-7.537688442211055,-6.532663316582915,-6.331658291457286,-5.728643216080402,-4.321608040201005,-5.025125628140704,-6.633165829145729,-3.618090452261306,-4.522613065326634,-7.3366834170854265
2024-01-02,지엠비코리아,지엠비코리아,-3.1055900621118013,-4.761904761904762,-4.037267080745342,-10.041407867494824,-9.006211180124224,-8.592132505175984,-9.523809523809524,-9.109730848861282,-9.937888198757763,-12.111801242236025,-13.250517598343686,-13.354037267080745,-13.250517598343686,-12.525879917184266,-12.318840579710146,-13.146997929606624,-12.939958592132506,-13.250517598343686,-13.146997929606624,-12.939958592132506
2024-01-03,녹십자웰빙,녹십자웰빙,0.11402508551881414,2.394526795895097,2.0524515393386547,1.9384264538198404,-2.9646522234891677,-6.841505131128849,-10.148232611174459,-10.832383124287343,-5.131128848346636,-10.946408209806158,-0.11402508551881414,14.937286202964653,9.464082098061574,7.183580387685291,14.02508551881414,17.559863169897376,16.305587229190422,11.516533637400228,3.0786773090079818,-1.7103762827822122
2024-01-04,영보화학,영보화학,-1.935483870967742,-3.225806451612903,-4.129032258064516,-5.806451612903226,-3.096774193548387,-4.903225806451613,-5.935483870967742,-5.935483870967742,-10.32258064516129,-8.903225806451614,-8.129032258064516,-9.67741935483871,-8.38709677419355,-8.645161290322582,-10.580645161290322,-9.419354838709678,-11.096774193548386,-10.193548387096774,-10.838709677419354,-9.67741935483871
2024-01-05,이스타코,이스타코,0.12406947890818859,-0.8684863523573202,-1.3647642679900744,0.37220843672456577,0.24813895781637718,0.7444168734491315,0.8684863523573202,-0.12406947890818859,0.7444168734491315,-0.7444168734491315,-3.4739454094292808,-1.9851116625310175,-2.8535980148883375,-3.722084367245657,-3.101736972704715,-3.598014888337469,-4.094292803970223,-4.590570719602978,-4.590570719602978,-5.334987593052109
2024-01-08,해성티피씨,해성에어로보틱스,-3.3775633293124248,-4.101326899879373,-3.4981905910735827,-3.0156815440289506,-1.8094089264173705,-2.7744270205066344,-1.5681544028950543,-0.9650180940892641,3.8600723763570564,12.907117008443908,11.218335343787695,13.268998793727382,16.646562123039807,10.97708082026538,6.031363088057901,13.38962605548854,13.99276236429433,18.33534378769602,26.05548854041013,36.55006031363088
2024-01-11,일신석재,일신석재,3.5983263598326363,4.184100418410042,1.0878661087866108,-2.761506276150628,-0.08368200836820083,-0.502092050209205,0.7531380753138075,7.531380753138076,1.7573221757322177,-1.2552301255230125,-1.2552301255230125,-2.510460251046025,-4.435146443514645,-3.3472803347280333,-1.9246861924686192,-2.259414225941423,-0.5857740585774058,-5.606694560669457,-8.786610878661087,-7.280334728033473
2024-01-12,삼성전자,삼성전자,1.094391244870041,-0.6839945280437756,-2.8727770177838576,-1.915184678522572,2.188782489740082,2.7359781121751023,2.8727770177838576,1.231190150478796,1.3679890560875512,0.4103967168262654,1.7783857729138166,1.6415868673050615,-0.5471956224350205,0.6839945280437756,2.8727770177838576,1.6415868673050615,1.7783857729138166,2.5991792065663475,1.3679890560875512,2.8727770177838576
2024-01-29,부국증권,부국증권,7.439824945295405,5.470459518599562,6.564551422319474,6.3457330415754925,6.12691466083151,7.00218818380744,8.752735229759299,8.971553610503284,9.62800875273523,8.533916849015318,5.470459518599562,8.315098468271334,14.00437636761488,15.536105032822759,15.536105032822759,15.536105032822759,16.411378555798688,12.472647702407002,13.785557986870897,14.22319474835886
2024-02-01,삼정펄프,삼정펄프,0.1949317738791423,1.1695906432748537,-3.7037037037037033,-2.3391812865497075,-1.949317738791423,-1.949317738791423,-1.364522417153996,-1.7543859649122806,-0.9746588693957114,-0.1949317738791423,0.1949317738791423,-0.3898635477582846,0.0,1.364522417153996,-0.5847953216374269,-1.949317738791423,-0.7797270955165692,-0.1949317738791423,0.1949317738791423,-0.5847953216374269
2024-02-12,KPX홀딩스,KPX홀딩스,-1.3651877133105803,-4.436860068259386,-4.436860068259386,-2.7303754266211606,-2.5597269624573378,-2.901023890784983,-3.0716723549488054,-2.7303754266211606,-4.436860068259386,-5.972696245733788,-4.778156996587031,-2.7303754266211606,-2.3890784982935154,-2.04778156996587,-2.3890784982935154,-2.218430034129693,-1.5358361774744027,-1.877133105802048,-3.0716723549488054,-3.242320819112628
2024-02-15,동일고무벨트,동일고무벨트,-0.7462686567164178,1.791044776119403,1.791044776119403,-1.3432835820895521,-0.8955223880597015,-2.9850746268656714,-0.2985074626865672,29.55223880597015,46.56716417910447,34.179104477611936,24.776119402985074,25.82089552238806,29.701492537313435,29.55223880597015,43.28358208955223,38.50746268656716,38.059701492537314,41.64179104477612,47.76119402985074,38.95522388059702
2024-02-16,플랜티넷,플랜티넷,0.5791505791505791,-1.3513513513513513,-1.5444015444015444,-1.9305019305019304,-2.7027027027027026,-4.633204633204633,-4.440154440154441,-4.054054054054054,-4.247104247104247,-3.861003861003861,-4.633204633204633,-3.474903474903475,-4.633204633204633,-3.474903474903475,-1.9305019305019304,-3.474903474903475,-3.088803088803089,-5.019305019305019,-7.335907335907336,-8.687258687258687
2024-02-19,종근당홀딩스,종근당홀딩스,-0.15873015873015872,-3.1746031746031744,-3.3333333333333335,-1.2698412698412698,-3.3333333333333335,-4.285714285714286,-4.920634920634921,-6.349206349206349,-6.507936507936509,-5.714285714285714,-6.984126984126984,-7.936507936507936,-1.5873015873015872,-1.5873015873015872,1.1111111111111112,-1.2698412698412698,-1.2698412698412698,-3.8095238095238098,-3.492063492063492,-1.2698412698412698
2024-02-19,대교,대교,-1.1945392491467577,-2.5597269624573378,-4.778156996587031,-3.242320819112628,-5.802047781569966,-7.849829351535837,-8.020477815699659,-7.849829351535837,-9.215017064846416,-9.215017064846416,-10.921501706484642,-12.969283276450511,-11.774744027303754,-12.1160409556314,-12.627986348122866,-13.651877133105803,-14.163822525597269,-14.163822525597269,-14.334470989761092,-13.651877133105803
2024-02-19,콤텍시스템,콤텍시스템,-3.464755077658303,-3.464755077658303,-2.2700119474313025,-3.106332138590203,-5.4958183990442055,-5.017921146953405,-5.615292712066906,-6.093189964157706,-5.376344086021505,-6.093189964157706,-7.526881720430108,-9.67741935483871,-10.991636798088411,-10.87216248506571,-9.438470728793309,-7.287933094384708,-7.287933094384708,-8.841099163679809,-9.08004778972521,-10.27479091995221
2024-02-20,오상자이엘,오상자이엘,-1.3605442176870748,0.0,-1.530612244897959,-2.2108843537414966,-1.870748299319728,-5.612244897959184,-6.63265306122449,-3.061224489795918,-3.061224489795918,1.7006802721088436,1.870748299319728,0.17006802721088435,-0.17006802721088435,3.741496598639456,-8.503401360544217,-12.585034013605442,-13.77551020408163,-14.965986394557824,-13.945578231292515,-14.45578231292517
2024-02-21,쎌바이오텍,쎌바이오텍,1.0603588907014683,3.3442088091353996,1.1419249592169658,2.039151712887439,2.6101141924959217,1.2234910277324633,-1.0603588907014683,-2.8548123980424145,-1.1419249592169658,-2.936378466557912,-2.1207177814029365,0.3262642740619902,-1.468189233278956,-0.6525285481239804,-1.631321370309951,-0.48939641109298526,4.567699836867863,4.893964110929853,3.6704730831973897,1.957585644371941
2024-02-23,씨엑스아이,씨엑스아이,-1.5267175572519083,-3.0534351145038165,-3.0534351145038165,-1.5267175572519083,3.0534351145038165,2.2900763358778624,-2.2900763358778624,-1.5267175572519083,-0.7633587786259541,2.2900763358778624,-5.343511450381679,-6.870229007633588,-6.870229007633588,-7.633587786259542,-5.343511450381679,-6.106870229007633,-7.633587786259542,-9.16030534351145,-8.396946564885496,-10.687022900763358
2024-02-23,아이스크림에듀,아이스크림에듀,-1.7721518987341773,-2.4050632911392404,-2.4050632911392404,2.7848101265822782,5.063291139240507,1.0126582278481013,0.12658227848101267,-2.5316455696202533,-2.4050632911392404,-0.37974683544303794,-1.89873417721519,-3.2911392405063293,-3.79746835443038,-3.79746835443038,-3.5443037974683547,-3.4177215189873418,-4.050632911392405,-4.556962025316456,-4.810126582278481,-4.430379746835443
2024-03-13,두산에너빌리티,두산에너빌리티,4.290617848970252,2.8604118993135015,2.1739130434782608,2.059496567505721,1.4874141876430207,3.3752860411899315,2.345537757437071,-1.0297482837528604,-1.5446224256292906,0.0,0.2288329519450801,-1.4874141876430207,-1.2013729977116705,-4.004576659038902,-5.606407322654462,-3.8329519450800915,-2.8604118993135015,-5.320366132723112,-7.036613272311213,-13.501144164759726
2024-03-13,제주맥주,제주맥주,-0.24752475247524752,10.891089108910892,24.00990099009901,-2.6402640264026402,0.24752475247524752,6.765676567656766,23.26732673267327,18.151815181518153,19.05940594059406,21.287128712871286,15.346534653465346,17.40924092409241,14.356435643564355,14.108910891089108,16.33663366336634,21.699669966996698,22.854785478547853,22.442244224422442,30.528052805280524,30.775577557755774
2024-03-15,이삭엔지니어링,이삭엔지니어링,-4.301948051948052,0.8928571428571428,-3.8149350649350646,-6.25,-3.8149350649350646,18.425324675324674,18.019480519480517,14.44805194805195,9.740259740259742,8.603896103896105,8.603896103896105,4.707792207792208,4.301948051948052,13.14935064935065,8.766233766233766,3.6525974025974026,-6.1688311688311686,-4.626623376623376,-0.2435064935064935,-4.464285714285714
2024-03-15,도이치모터스,도이치모터스,-0.16666666666666669,0.0,-1.8333333333333333,-2.0,-1.1666666666666667,-2.0,-2.3333333333333335,-3.6666666666666665,-6.166666666666667,-4.0,-7.166666666666667,-8.666666666666668,-9.5,-8.5,-11.333333333333332,-12.5,-9.833333333333332,-10.833333333333334,-13.333333333333334,-13.833333333333334
2024-03-18,수산아이앤티,수산아이앤티,-0.8431703204047217,-0.42158516020236086,0.927487352445194,7.082630691399664,12.478920741989882,5.311973018549747,4.1315345699831365,3.456998313659359,4.3001686340640815,4.721753794266442,2.1079258010118047,-3.288364249578415,-6.829679595278246,-1.770657672849916,-6.57672849915683,-4.806070826306914,-15.008431703204048,-14.249578414839798,-16.526138279932546,-16.526138279932546
2024-04-11,옴니시스템,옴니시스템,-1.4492753623188406,-3.9337474120082816,-5.797101449275362,-5.797101449275362,-4.658385093167702,-5.072463768115942,-1.6563146997929608,-2.898550724637681,-1.2422360248447204,-2.7950310559006213,-0.5175983436853002,0.3105590062111801,3.002070393374741,6.728778467908903,4.3478260869565215,,,,,
2024-04-12,조일알미늄,조일알미늄,8.98876404494382,5.617977528089887,5.842696629213483,12.808988764044942,11.685393258426966,5.842696629213483,7.865168539325842,8.089887640449438,-0.22471910112359553,1.7977528089887642,2.4719101123595504,6.741573033707865,2.9213483146067416,5.617977528089887,,,,,,
2024-04-12,남선알미늄,남선알미늄,5.490848585690515,3.1613976705490847,3.438713255684969,5.990016638935108,4.215196894065446,4.270660011092623,4.270660011092623,4.547975596228508,3.882418191902385,5.102606766500277,6.2673322240709926,6.711037160288408,6.156405990016639,6.156405990016639,,,,,,
2024-04-19,LS ELECTRIC,LS ELECTRIC,-5.029940119760479,-8.263473053892216,-6.227544910179641,-8.802395209580837,-1.8562874251497008,3.772455089820359,5.748502994011976,0.29940119760479045,-4.311377245508982,,,,,,,,,,,
2024-04-19,토니모리,토니모리,-0.24600246002460024,-0.7380073800738007,-4.797047970479705,-4.059040590405904,-5.043050430504305,-6.273062730627306,5.781057810578106,6.642066420664207,8.241082410824108,,,,,,,,,,,
2024-04-22,CJ제일제당,CJ제일제당,-1.585014409221902,-2.881844380403458,-4.178674351585014,-2.881844380403458,-3.602305475504323,-2.881844380403458,-1.2968299711815563,-2.0172910662824206,,,,,,,,,,,,
2024-04-22,큐로컴,크레오에스지,12.676056338028168,20.50078247261346,9.389671361502346,21.5962441314554,31.455399061032864,30.672926447574334,50.86071987480438,46.322378716744915,,,,,,,,,,,,
2024-04-23,한국유니온제약,한국유니온제약,-0.7923930269413629,-0.6339144215530903,-1.2678288431061806,-1.4263074484944533,-3.4865293185419968,-4.91283676703645,-4.91283676703645,,,,,,,,,,,,,
2024-04-23,대양전기공업,대양전기공업,0.7102272727272727,-0.78125,-0.5681818181818182,-1.278409090909091,-1.065340909090909,1.7045454545454544,-2.414772727272727,,,,,,,,,,,,,
2024-04-24,강스템바이오텍,강스템바이오텍,4.385964912280701,-6.140350877192982,-6.140350877192982,-7.5438596491228065,-10.350877192982457,-11.75438596491228,,,,,,,,,,,,,,
2024-04-25,리더스코스메틱,리더스코스메틱,5.6000000000000005,5.92,10.24,12.32,13.76,,,,,,,,,,,,,,,
2024-04-26,AP시스템,AP시스템,2.18978102189781,2.18978102189781,2.9197080291970803,0.8759124087591241,,,,,,,,,,,,,,,,
2024-04-26,피앤씨테크,피앤씨테크,3.4755134281200633,4.897314375987362,15.481832543443918,8.214849921011059,,,,,,,,,,,,,,,,
2024-04-29,화승엔터프라이즈,화승엔터프라이즈,-0.7383966244725738,-2.9535864978902953,-6.751054852320674,,,,,,,,,,,,,,,,,
2024-04-30,한국공항,한국공항,-0.56657223796034,-1.8413597733711047,,,,,,,,,,,,,,,,,,
2024-04-30,티에스이,티에스이,-2.8846153846153846,-3.8461538461538463,,,,,,,,,,,,,,,,,,
2024-05-02,내츄럴엔도텍,내츄럴엔도텍,-1.1009174311926606,,,,,,,,,,,,,,,,,,,
