Date,Open,High,Low,Close,Volume,Change,ma_5,vel_5,ma_20,vel_20,ma_60,vel_60,com_name,com_code,vol_mean_60,vol_std_60,vol_bolin_check,mean_60,std_60,bolin_check,high_246,new_high_check,pump_date,dump_date,pmp_Open,pmp_High,pmp_Low,pmp_Close,pmp_Volume,pmp_Change,pmp_high_246,pmp_ma_5,pmp_vel_5,pmp_ma_20,pmp_vel_20,pmp_ma_60,pmp_vel_60,dump_period,구독자_요청_종목
2020-01-23,464005,487230,453133,477347,443722,6.858364487027378,444338.2,9191.200000000012,426647.6,2989.5999999999767,402986.0833333333,1400.083333333314,삼성바이오로직스,207940,100895.31666666668,57326.73516425747,True,402986.0833333333,19876.70311414447,True,448686.0,True,2020-01-28,2020-01-23,471417.0,493159.0,470429.0,488218.0,323856.0,2.277378929793211,487230.0,455604.6,11266.399999999963,430452.5,3804.9000000000233,404526.1666666667,1540.083333333372,5,True
2020-01-28,471417,493159,470429,488218,323856,2.277378929793211,455604.6,11266.399999999963,430452.5,3804.9000000000233,404526.1666666667,1540.083333333372,삼성바이오로직스,207940,104861.75,71246.71025783251,True,404526.1666666667,22691.97997961984,True,487230.0,True,2020-02-06,2020-01-28,491677.0,516879.0,488218.0,512926.0,301786.0,5.918453739171734,494148.0,487329.0,4743.799999999988,454863.5,4941.5,415323.3333333333,1886.0,9,True
2020-04-10,494148,595942,488712,552458,3073541,16.823429900613238,489108.0,18085.79999999999,450737.4,5065.050000000047,471738.63333333336,2050.7166666666744,삼성바이오로직스,207940,231144.46666666667,143818.50321038964,True,471738.63333333336,34057.98675935706,True,535656.0,True,2020-05-13,2020-04-10,582106.0,611755.0,581118.0,608791.0,516513.0,4.054030956873684,600884.0,582897.4,8104.0,568270.55,6794.550000000047,499312.1166666666,1416.5666666666511,33,True
2021-05-13,834122,894408,833133,855865,610733,1.1682281656110889,822065.0,16405.800000000047,803188.55,3755.550000000047,758204.5833333334,1153.016666666721,삼성바이오로직스,207940,106138.05,108894.53000712227,True,758204.5833333334,41989.635513851536,True,872665.0,True,2021-05-14,2021-05-13,890455.0,936905.0,855864.0,936905.0,1022555.0,9.468783044054844,894408.0,850528.0,28463.0,810205.45,7016.899999999907,760872.9833333333,2668.399999999907,1,True
2021-05-14,890455,936905,855864,936905,1022555,9.468783044054844,850528.0,28463.0,810205.45,7016.899999999907,760872.9833333333,2668.399999999907,삼성바이오로직스,207940,114820.36666666668,126855.6552921158,True,760872.9833333333,47867.30079436945,True,894408.0,True,2021-08-11,2021-05-14,945799.0,968530.0,931963.0,963589.0,280699.0,2.9566724399706383,972483.0,921487.8,14231.400000000023,898164.0,5485.050000000047,857907.35,1334.1999999999534,89,True
2021-08-10,909232,972483,904291,935917,529824,4.180386080444186,907256.4,7511.0,892678.95,4052.04999999993,856573.15,1202.4333333333489,삼성바이오로직스,207940,129454.93333333332,101077.46184978882,True,856573.15,30541.208635370425,True,936905.0,True,2021-08-17,2021-08-10,982366.0,1008062.0,978413.0,1000156.0,326405.0,2.950195317526081,978413.0,966356.2,20358.79999999993,911901.25,4743.800000000047,863787.7166666667,2536.6333333333023,7,True
2024-01-02,760000,800000,756000,789000,199238,3.819999933242798,744000.0,15400.0,716300.0,3200.0,719200.0,1633.333333333372,삼성바이오로직스,207940,56318.46666666667,29861.21454695492,True,719200.0,14918.763069546492,True,833000.0,False,2024-01-29,2024-01-02,800000.0,815000.0,793000.0,800000.0,194799.0,3.490000009536743,830000.0,789000.0,1400.0,769400.0,2000.0,734883.3333333334,1616.6666666667445,27,True
2024-07-24,845000,890000,836000,883000,271622,4.127358490566038,852800.0,6400.0,811750.0,7700.0,776266.6666666666,1716.666666666628,삼성바이오로직스,207940,69600.96666666666,42578.30006715976,True,776266.6666666666,37572.919686727386,True,880000.0,True,2024-07-26,2024-07-24,873000.0,929000.0,872000.0,915000.0,249017.0,5.05166475315729,890000.0,873000.0,16000.0,828100.0,9400.0,780283.3333333334,2333.333333333372,2,True
2024-07-26,873000,929000,872000,915000,249017,5.05166475315729,873000.0,16000.0,828100.0,9400.0,780283.3333333334,2333.333333333372,삼성바이오로직스,207940,74944.51666666666,52193.59990328487,True,780283.3333333334,43277.61846366968,True,890000.0,True,2024-07-29,2024-07-26,919000.0,950000.0,915000.0,940000.0,145349.0,2.73224043715847,929000.0,891400.0,18400.0,837150.0,9050.0,782933.3333333334,2650.0,3,True
2020-11-11,10100,10200,10000,10100,196985,0.4975124378109453,9904.0,76.0,9606.5,39.0,9383.666666666666,8.5,메리츠금융지주,138040,62779.3,40125.68855876823,True,9383.666666666666,253.93157136875257,True,12700.0,False,2020-11-16,2020-11-11,10150.0,10700.0,10150.0,10550.0,245860.0,4.455445544554455,12700.0,10170.0,154.0,9761.5,63.0,9426.0,24.0,5,True
2020-11-16,10150,10700,10150,10550,245860,4.455445544554455,10170.0,154.0,9761.5,63.0,9426.0,24.0,메리츠금융지주,138040,62446.86666666667,41536.36183870092,True,9426.0,315.50443871268965,True,12700.0,False,2021-02-10,2020-11-16,10550.0,10750.0,10450.0,10750.0,349724.0,2.8708133971291865,11200.0,10188.0,196.0,9834.0,45.5,10005.833333333334,10.83333333333394,86,True
2022-01-14,53900,55900,47350,51900,1273655,-3.35195530726257,50920.0,520.0,44507.5,935.0,37678.333333333336,306.6666666666715,메리츠금융지주,138040,309139.68333333335,192945.4488388095,True,37678.333333333336,5813.2546287370105,True,54300.0,True,2023-09-22,2022-01-14,55000.0,58200.0,54200.0,57400.0,983600.0,6.296296296296296,56700.0,55020.0,380.0,54495.0,295.0,49706.66666666666,265.0,616,True
2022-11-23,45100,45150,35000,36400,4922520,4.748201438848921,30740.0,1680.0,26547.5,792.5,24797.5,115.0,메리츠금융지주,138040,208820.56666666668,68327.34533320888,True,24797.5,3656.494396438721,True,55900.0,False,2023-01-17,2022-11-23,44100.0,46900.0,43800.0,45950.0,857265.0,3.258426966292135,55300.0,43040.0,1240.0,41345.0,322.5,34722.5,412.5,55,True
2024-02-23,79900,86200,78400,82600,1890891,9.260000228881836,77400.0,1560.0,71015.0,1035.0,62240.0,470.0,메리츠금융지주,138040,423436.6,203471.58628498705,True,62240.0,7062.390242134919,True,79900.0,True,2024-08-16,2024-02-23,85400.0,90200.0,85400.0,88800.0,1104896.0,5.714285714285714,88300.0,84280.0,1420.0,81820.0,405.0,79141.66666666667,175.0,175,True
2024-08-16,85400,90200,85400,88800,1104896,5.714285714285714,84280.0,1420.0,81820.0,405.0,79141.66666666667,175.0,메리츠금융지주,138040,343940.8333333333,147756.51175913104,True,79141.66666666667,3549.566298007747,True,88300.0,True,2024-08-19,2024-08-16,89200.0,91300.0,89100.0,91000.0,535523.0,2.477477477477477,90200.0,86100.0,1820.0,82245.0,425.0,79366.66666666667,225.0,3,True
2019-12-12,38157,39918,37990,39584,732437,4.193098365402332,37739.4,654.0,36758.3,150.90000000000146,37263.03333333333,18.16666666666424,유한양행,000100,195419.06666666668,89905.95211472496,True,37263.03333333333,843.683187519925,True,45118.0,False,2019-12-19,2019-12-12,39583.0,40086.0,39415.0,39921.0,198023.0,0.8513540824575586,45118.0,39584.6,67.40000000000146,37529.9,176.15000000000146,37346.85,19.566666666665697,7,True
2020-03-27,36530,44853,36093,39072,3170843,9.851551956815117,35865.8,805.8000000000029,37688.0,78.84999999999854,38755.28333333333,-39.41666666666424,유한양행,000100,257846.9833333333,120727.62051382673,True,38755.28333333333,1828.766418457193,True,44867.0,False,2020-05-11,2020-03-27,43495.0,48444.0,43232.0,45555.0,3327350.0,5.799154628640438,46343.0,42269.8,849.6000000000058,41562.5,311.0,39299.23333333333,105.1333333333314,45,True
2020-04-08,44677,46343,40779,40781,2982655,3.676115418838185,39729.2,341.79999999999563,37607.0,-6.55000000000291,38722.43333333333,19.71666666666715,유한양행,000100,347156.4666666667,413915.4201536799,True,38722.43333333333,1812.5899100240008,True,44867.0,True,2020-05-18,2020-04-08,55452.0,55803.0,46343.0,46869.0,5091990.0,3.6810087379714633,48444.0,45345.0,262.8000000000029,42427.65,275.9500000000044,39769.43333333333,124.1166666666686,40,True
2020-05-11,43495,48444,43232,45555,3327350,5.799154628640438,42269.8,849.6000000000058,41562.5,311.0,39299.23333333333,105.1333333333314,유한양행,000100,524405.5,567069.8596625552,True,39299.23333333333,2334.5634249920595,True,46343.0,True,2020-06-08,2020-05-11,45641.0,53876.0,45027.0,49935.0,6819971.0,10.039886291015668,55803.0,46342.8,770.8000000000029,45708.2,219.0,41628.083333333336,151.85000000000582,28,True
2020-05-18,55452,55803,46343,46869,5091990,3.6810087379714633,45345.0,262.8000000000029,42427.65,275.9500000000044,39769.43333333333,124.1166666666686,유한양행,000100,612091.8833333333,664198.365194836,True,39769.43333333333,2891.258293702567,True,48444.0,True,2020-08-05,2020-05-18,52386.0,62899.0,51861.0,59309.0,14148646.0,15.72487804878049,55803.0,52160.4,1980.0,47758.25,735.9000000000015,46702.55,242.3666666666686,79,True
2020-06-08,45641,53876,45027,49935,6819971,10.039886291015668,46342.8,770.8000000000029,45708.2,219.0,41628.083333333336,151.85000000000582,유한양행,000100,777410.1166666667,851421.8810715949,True,41628.083333333336,3698.9702978158944,True,55803.0,False,2020-08-05,2020-06-08,52386.0,62899.0,51861.0,59309.0,14148646.0,15.72487804878049,55803.0,52160.4,1980.0,47758.25,735.9000000000015,46702.55,242.3666666666686,58,True
2020-07-24,47481,53876,47305,49497,8294242,6.002912579774703,46413.6,998.5999999999984,45384.2,197.09999999999852,45584.16666666666,144.54999999999563,유한양행,000100,887143.6833333333,1134711.605730194,True,45584.16666666666,1818.4895498565988,True,55803.0,False,2020-08-05,2020-07-24,52386.0,62899.0,51861.0,59309.0,14148646.0,15.72487804878049,55803.0,52160.4,1980.0,47758.25,735.9000000000015,46702.55,242.3666666666686,12,True
2020-08-05,52386,62899,51861,59309,14148646,15.72487804878049,52160.4,1980.0,47758.25,735.9000000000015,46702.55,242.3666666666686,유한양행,000100,1113821.15,1475598.4119064054,True,46702.55,2462.3920533854957,True,55803.0,True,2020-09-21,2020-08-05,61323.0,65702.0,58957.0,63076.0,7174113.0,8.106811092448497,63863.0,59939.8,1103.800000000003,58463.7,284.75,52969.316666666666,292.0166666666628,47,True
2020-12-21,64564,74026,63074,68771,6271371,8.57607477225722,62235.0,1752.199999999997,58993.4,543.2000000000044,56511.38333333333,172.28333333333285,유한양행,000100,536468.35,534280.4523723297,True,56511.38333333333,2859.489204662481,True,65702.0,True,2023-08-01,2020-12-21,74000.0,76000.0,72500.0,74900.0,1215616.0,2.602739726027397,73500.0,70140.0,2280.0,62450.0,775.0,60150.0,273.33333333333576,953,True
2022-01-11,58447,64283,57586,58735,1647178,1.4877146905346097,58141.8,-153.0,59305.65,39.25,56743.9,28.33333333333576,유한양행,000100,189577.0,95623.80549701398,True,56743.9,2232.508528273137,True,72506.0,False,2023-07-21,2022-01-11,60100.0,69100.0,60100.0,67000.0,2997398.0,11.480865224625624,62400.0,60640.0,1500.0,59055.0,455.0,58840.0,171.66666666666424,556,True
2023-04-12,57200,58400,56700,58200,595247,2.826855123674912,55540.0,1340.0,52005.0,370.0,52358.333333333336,66.66666666667152,유한양행,000100,188425.7333333333,106747.81995946896,True,52358.333333333336,1532.9479373183233,True,58734.0,False,2023-04-13,2023-04-12,58300.0,59500.0,57700.0,59200.0,537726.0,1.718213058419244,58734.0,56700.0,1160.0,52430.0,425.0,52441.66666666666,83.33333333332848,1,True
2023-07-21,60100,69100,60100,67000,2997398,11.480865224625624,60640.0,1500.0,59055.0,455.0,58840.0,171.66666666666424,유한양행,000100,171341.81666666668,78262.98360007012,True,58840.0,1677.3869913181077,True,62400.0,True,2023-07-28,2023-07-21,69100.0,70700.0,67400.0,69300.0,792775.0,0.8733624454148471,70000.0,66440.0,460.0,61040.0,445.0,59618.333333333336,196.66666666667152,7,True
2023-07-27,64800,70000,64000,68700,1506364,6.018518518518518,65980.0,1720.0,60595.0,560.0,59421.66666666666,185.0,유한양행,000100,248733.35,389963.9578474269,True,59421.66666666666,2385.41412860976,True,69100.0,True,2023-07-31,2023-07-27,70800.0,73500.0,70300.0,73000.0,1201654.0,5.339105339105339,70700.0,67860.0,1420.0,61675.0,635.0,59876.66666666666,258.3333333333285,4,True
2024-03-11,76900,80400,75700,77400,2332169,5.159999847412109,72020.0,2360.0,66885.0,790.0,64561.66666666666,193.33333333332848,유한양행,000100,384060.4833333333,250498.7943681897,True,64561.66666666666,3917.5871018480257,True,88400.0,False,2024-06-07,2024-03-11,80200.0,82900.0,79800.0,81800.0,1389990.0,2.763819095477387,88400.0,76740.0,2400.0,73365.0,465.0,73423.33333333333,136.66666666665697,88,True
2024-06-03,70700,82300,70300,75000,4589831,9.011627906976743,70720.0,840.0,72205.0,150.0,72991.66666666667,105.0,유한양행,000100,508638.4,371009.819924141,True,72991.66666666667,2827.605543095934,True,88400.0,False,2024-07-01,2024-06-03,81400.0,84400.0,80500.0,83800.0,1273231.0,3.584672435105068,88400.0,80480.0,1160.0,77835.0,750.0,73761.66666666667,76.66666666667152,28,True
2024-07-05,79900,91500,79600,89500,5652055,12.015018773466831,81840.0,1720.0,78360.0,385.0,74290.0,290.0,유한양행,000100,602048.1166666667,650004.9178683872,True,74290.0,4316.0991490475735,True,88400.0,True,2024-07-12,2024-07-05,88000.0,96700.0,88000.0,94900.0,3637834.0,7.474518686296716,91500.0,89700.0,1080.0,81900.0,1020.0,75896.66666666667,418.33333333334303,7,True
2024-07-12,88000,96700,88000,94900,3637834,7.474518686296716,89700.0,1080.0,81900.0,1020.0,75896.66666666667,418.33333333334303,유한양행,000100,744538.8333333334,922014.6208152508,True,75896.66666666667,5950.643510755207,True,91500.0,True,2024-07-15,2024-07-12,95400.0,98600.0,95000.0,97200.0,1686942.0,2.423603793466807,96700.0,91660.0,1960.0,82950.0,1050.0,76361.66666666667,465.0,3,True
2024-08-28,112700,139000,111700,135500,19623729,20.444444444444446,112480.0,8240.0,95895.0,1895.0,88885.0,1008.3333333333284,유한양행,000100,1845100.183333333,2823938.549251126,True,88885.0,11138.508937732067,True,114400.0,True,2024-08-30,2024-08-28,135000.0,142100.0,132900.0,141000.0,5603488.0,2.844638949671773,145500.0,127540.0,6880.0,100480.0,2450.0,90885.0,1023.3333333333284,2,True
2021-01-25,199980,214830,195525,201465,1884652,5.714285714285714,181863.0,7524.0,163795.5,2499.75,166831.5,742.5,하이브,352820,444516.06666666665,441163.3864918357,True,166831.5,12705.007263920454,True,347490.0,False,2021-01-28,2021-01-25,210870.0,222750.0,206415.0,217800.0,1653828.0,6.024096385542169,347490.0,204732.0,9306.0,171963.0,3044.25,170057.25,1262.25,3,True
2021-06-18,298500,326500,297500,313000,1630734,5.387205387205387,294600.0,7500.0,271775.0,2575.0,256195.0,1603.166666666657,하이브,352820,409283.1666666667,307755.0207431489,True,256195.0,16210.169098543796,True,347490.0,False,2021-10-21,2021-06-18,321500.0,335500.0,315000.0,330500.0,534501.0,3.442879499217528,338000.0,316700.0,8400.0,291200.0,2700.0,290425.0,533.3333333333139,125,True
2021-10-20,326000,338000,315000,319500,769351,-0.7763975155279503,308300.0,9000.0,288500.0,2000.0,289891.6666666667,225.0,하이브,352820,229650.65,143548.60525789048,True,289891.6666666667,12382.70105068846,True,337000.0,True,2021-10-26,2021-10-20,328000.0,347000.0,325500.0,342000.0,716852.0,4.9079754601227,338000.0,328600.0,4000.0,300100.0,3700.0,291916.6666666667,716.6666666666861,6,True
2021-11-04,354000,372500,340000,356500,941627,2.886002886002886,346900.0,4600.0,320200.0,3675.0,297766.6666666667,1016.666666666686,하이브,352820,268150.7,176217.25069571368,True,297766.6666666667,23765.71142524471,True,358500.0,True,2021-11-05,2021-11-04,360500.0,388000.0,357000.0,383500.0,809898.0,7.573632538569424,372500.0,356600.0,9700.0,324800.0,4600.0,299183.3333333333,1416.666666666628,1,True
2020-01-07,3510,3800,3510,3665,267070,4.56490727532097,3539.0,47.0,3340.75,25.5,3249.1666666666665,11.33333333333303,신성델타테크,065350,54255.28333333333,43091.07279251571,True,3249.1666666666665,128.00677506788438,True,4280.0,False,2020-06-23,2020-01-07,3345.0,4275.0,3325.0,4000.0,10826747.0,21.580547112462007,3815.0,3386.0,157.0,3213.75,49.0,2826.833333333333,33.083333333333485,168,True
2020-06-23,3345,4275,3325,4000,10826747,21.580547112462007,3386.0,157.0,3213.75,49.0,2826.833333333333,33.083333333333485,신성델타테크,065350,191163.51666666663,255930.9809453397,True,2826.833333333333,360.7947520507337,True,3815.0,True,2020-09-17,2020-06-23,3820.0,4955.0,3715.0,4955.0,16853753.0,29.882044560943644,4350.0,3960.0,258.0,3539.75,82.0,3612.9166666666665,16.83333333333303,86,True
2020-06-24,4200,4350,3835,3945,4838648,-1.375,3528.0,142.0,3260.0,46.25,2856.833333333333,30.0,신성델타테크,065350,368196.3666666666,1396724.6934358454,True,2856.833333333333,377.5837169116828,True,4275.0,True,2020-09-17,2020-06-24,3820.0,4955.0,3715.0,4955.0,16853753.0,29.882044560943644,4350.0,3960.0,258.0,3539.75,82.0,3612.9166666666665,16.83333333333303,85,True
2020-09-17,3820,4955,3715,4955,16853753,29.882044560943644,3960.0,258.0,3539.75,82.0,3612.9166666666665,16.83333333333303,신성델타테크,065350,598814.9,759469.7663205821,True,3612.9166666666665,267.79117159070864,True,4350.0,True,2020-09-18,2020-09-17,5400.0,6440.0,5080.0,6440.0,67552767.0,29.969727547931384,4955.0,4518.0,558.0,3696.0,156.25,3654.4166666666665,41.5,1,True
2020-09-18,5400,6440,5080,6440,67552767,29.969727547931384,4518.0,558.0,3696.0,156.25,3654.4166666666665,41.5,신성델타테크,065350,799066.65,2170181.7753579044,True,3654.4166666666665,451.1088895444115,True,4955.0,True,2020-09-21,2020-09-18,6650.0,8240.0,6340.0,6580.0,34222237.0,2.1739130434782608,6440.0,5098.0,580.0,3856.5,160.5,3698.3333333333335,43.91666666666697,3,True
2020-09-21,6650,8240,6340,6580,34222237,2.1739130434782608,5098.0,580.0,3856.5,160.5,3698.3333333333335,43.91666666666697,신성델타테크,065350,1901443.0166666664,8887851.805142593,True,3698.3333333333335,587.5160774335807,True,6440.0,True,2020-12-23,2020-09-21,6500.0,8340.0,6200.0,8340.0,26247731.0,29.906542056074763,8240.0,6914.0,382.0,6684.0,84.5,6406.666666666667,20.66666666666697,93,True
2020-12-23,6500,8340,6200,8340,26247731,29.906542056074763,6914.0,382.0,6684.0,84.5,6406.666666666667,20.66666666666697,신성델타테크,065350,2036643.4,3251316.2212494914,True,6406.666666666667,463.5736888260007,True,8240.0,True,2020-12-30,2020-12-23,8210.0,10600.0,7960.0,10600.0,23275517.0,29.584352078239608,9840.0,8422.0,836.0,7015.0,184.5,6553.5,74.66666666666697,7,True
2020-12-24,8740,9840,6890,6980,38170907,-16.30695443645084,7042.0,128.0,6696.5,12.5,6414.0,7.33333333333303,신성델타테크,065350,2447984.65,4508930.336282644,True,6414.0,469.16514384956616,True,8340.0,True,2020-12-30,2020-12-24,8210.0,10600.0,7960.0,10600.0,23275517.0,29.584352078239608,9840.0,8422.0,836.0,7015.0,184.5,6553.5,74.66666666666697,6,True
2020-12-28,6830,8690,6740,8010,62248166,14.756446991404012,7304.0,262.0,6760.0,63.5,6442.5,28.5,신성델타테크,065350,2898138.45,6361346.621174796,True,6442.5,512.0964719758999,True,9840.0,False,2020-12-30,2020-12-28,8210.0,10600.0,7960.0,10600.0,23275517.0,29.584352078239608,9840.0,8422.0,836.0,7015.0,184.5,6553.5,74.66666666666697,2,True
2021-08-12,19000,22600,18800,21000,12948007,11.702127659574469,19040.0,990.0,16885.0,195.0,14700.0,170.83333333333394,신성델타테크,065350,1559715.5166666666,1478426.1108773334,True,14700.0,2379.0042070053155,True,21000.0,True,2023-08-02,2021-08-12,25600.0,25600.0,23500.0,25600.0,7663154.0,29.751647237709072,19730.0,17302.0,2542.0,13227.0,743.5,11948.5,240.6666666666661,720,True
2022-01-13,18600,20450,18350,19250,7722158,5.769230769230769,18350.0,190.0,17135.0,157.5,16146.666666666666,31.66666666666606,신성델타테크,065350,480937.6666666667,335001.178476459,True,16146.666666666666,1031.079188901179,True,22600.0,False,2023-08-02,2022-01-13,25600.0,25600.0,23500.0,25600.0,7663154.0,29.751647237709072,19730.0,17302.0,2542.0,13227.0,743.5,11948.5,240.6666666666661,566,True
2023-03-06,9540,10470,9530,9830,3846579,4.797441364605544,9402.0,132.0,8947.5,74.5,8502.166666666666,2.1666666666660603,신성델타테크,065350,183761.9333333333,348170.01591119607,True,8502.166666666666,543.4263290838585,True,16100.0,False,2023-03-08,2023-03-06,10310.0,11030.0,10010.0,11030.0,3044381.0,8.669950738916256,16100.0,9916.0,358.0,9156.0,117.5,8551.666666666666,33.66666666666606,2,True
2023-03-08,10310,11030,10010,11030,3044381,8.669950738916256,9916.0,358.0,9156.0,117.5,8551.666666666666,33.66666666666606,신성델타테크,065350,261961.36666666667,597004.3013979669,True,8551.666666666666,659.1832816981693,True,16100.0,False,2023-03-13,2023-03-08,9640.0,12720.0,9600.0,12210.0,11366812.0,24.719101123595504,16100.0,10706.0,476.0,9499.5,194.5,8641.333333333334,54.5,5,True
2023-03-13,9640,12720,9600,12210,11366812,24.719101123595504,10706.0,476.0,9499.5,194.5,8641.333333333334,54.5,신성델타테크,065350,332803.2166666667,701179.3434226572,True,8641.333333333334,850.9684745236295,True,16100.0,False,2023-03-28,2023-03-13,13770.0,14300.0,12850.0,12950.0,5192897.0,3.932584269662921,15350.0,12284.0,198.0,11149.5,179.0,9289.5,82.16666666666606,15,True
2023-03-15,12230,13300,11920,12070,10656218,5.599300087489064,11170.0,208.0,9812.0,166.0,8733.333333333334,51.66666666666788,신성델타테크,065350,578428.3166666667,1629963.0793518412,True,8733.333333333334,1021.0109092641744,True,16100.0,False,2023-07-24,2023-03-15,13210.0,13730.0,12930.0,13450.0,1463509.0,2.593440122044241,14300.0,12830.0,150.0,11386.5,142.5,11356.666666666666,43.16666666666606,131,True
2023-07-14,11500,12950,11300,12040,6147756,15.992292870905588,10728.0,294.0,10766.5,46.0,11234.5,-3.66666666666606,신성델타테크,065350,161774.86666666667,90163.6829921314,True,11234.5,481.9572559991857,True,14300.0,False,2023-07-20,2023-07-14,12290.0,13470.0,12120.0,13190.0,2753471.0,8.38126540673788,14300.0,12466.0,562.0,11121.0,126.5,11282.0,29.0,6,True
2023-07-31,14470,16500,14430,15180,6957100,10.0,13500.0,346.0,12047.5,210.0,11564.666666666666,67.5,신성델타테크,065350,434500.81666666665,913374.7230295754,True,11564.666666666666,935.1288620829918,True,14300.0,True,2023-08-01,2023-07-31,15650.0,19730.0,14900.0,19730.0,14022004.0,29.97364953886693,16500.0,14760.0,1260.0,12483.5,436.0,11707.833333333334,143.16666666666788,1,True
2023-08-01,15650,19730,14900,19730,14022004,29.97364953886693,14760.0,1260.0,12483.5,436.0,11707.833333333334,143.16666666666788,신성델타테크,065350,548910.7,1240987.2556128246,True,11707.833333333334,1407.3416359313906,True,16500.0,True,2023-08-02,2023-08-01,25600.0,25600.0,23500.0,25600.0,7663154.0,29.751647237709072,19730.0,17302.0,2542.0,13227.0,743.5,11948.5,240.6666666666661,1,True
2023-08-02,25600,25600,23500,25600,7663154,29.751647237709072,17302.0,2542.0,13227.0,743.5,11948.5,240.6666666666661,신성델타테크,065350,781394.6166666667,2134930.273243964,True,11948.5,2277.6473328593675,True,19730.0,True,2023-08-09,2023-08-02,23600.0,26800.0,22350.0,26600.0,24918395.0,14.6551724137931,32200.0,23810.0,200.0,16557.5,802.5,12998.666666666666,254.1666666666661,7,True
2023-08-08,30500,32200,19360,23200,39243678,-6.451612903225806,23610.0,694.0,15755.0,643.5,12744.5,197.5,신성델타테크,065350,1133466.9,2478546.875634786,True,12744.5,3654.779283372589,True,31000.0,True,2023-08-10,2023-08-08,31150.0,34550.0,28500.0,34550.0,16912503.0,29.887218045112785,32200.0,25650.0,1840.0,17766.0,1208.5,13385.833333333334,387.1666666666679,2,True
2023-08-09,23600,26800,22350,26600,24918395,14.6551724137931,23810.0,200.0,16557.5,802.5,12998.666666666666,254.1666666666661,신성델타테크,065350,1785536.183333333,5505462.503163847,True,12998.666666666666,4063.565882770423,True,32200.0,False,2023-08-10,2023-08-09,31150.0,34550.0,28500.0,34550.0,16912503.0,29.887218045112785,32200.0,25650.0,1840.0,17766.0,1208.5,13385.833333333334,387.1666666666679,1,True
2023-08-17,60000,64900,45000,59900,26926945,15.192307692307692,42610.0,7340.0,23512.5,2383.5,15328.5,805.0,신성델타테크,065350,2766583.95,6795019.833767331,True,15328.5,9703.74570785486,True,52000.0,True,2024-01-08,2023-08-17,62400.0,74400.0,58000.0,72500.0,9391956.0,25.0,69600.0,54300.0,6270.0,41700.0,1707.5,41455.833333333336,133.33333333333576,144,True
2024-01-08,62400,74400,58000,72500,9391956,25.0,54300.0,6270.0,41700.0,1707.5,41455.833333333336,133.33333333333576,신성델타테크,065350,2056017.0,1556561.3169012582,True,41455.833333333336,7334.923957565907,True,69600.0,True,2024-01-23,2024-01-08,75600.0,76700.0,70400.0,75300.0,2491850.0,1.8899999856948853,81200.0,66200.0,2840.0,56342.5,1945.0,44150.833333333336,562.5,15,True
2024-01-10,66600,67500,52100,55000,8218002,-20.290000915527344,62140.0,2350.0,44030.0,825.0,41625.833333333336,-43.33333333332848,신성델타테크,065350,2088304.8333333333,1694412.713189809,True,41625.833333333336,7850.976899522352,True,74400.0,False,2024-01-22,2024-01-10,67300.0,81200.0,64100.0,73900.0,7547574.0,18.239999771118164,74400.0,63360.0,2800.0,54397.5,1830.0,43588.333333333336,530.0,12,True
2024-02-21,149800,184800,116500,122400,11120288,-17.520000457763672,125180.0,420.0,100875.0,2425.0,64517.5,1328.3333333333358,신성델타테크,065350,2637459.216666667,2079137.396737089,True,64517.5,30472.533930615868,True,148400.0,True,No pumping date,2024-02-21,,,,,,,,,,,,,,No pumping date,True
2023-01-18,16631,19165,16100,17549,2139731,6.286717945612017,16404.8,371.7999999999993,14976.9,206.39999999999964,13465.733333333334,115.46666666666717,루닛,328130,356903.85,443550.9724351805,True,13465.733333333334,1571.5245848869024,True,23631.0,False,2023-01-27,2023-01-18,18731.0,19503.0,18417.0,19359.0,503626.0,2.4231522141685624,23631.0,18577.2,362.0,16284.05,292.09999999999854,14086.533333333333,123.91666666666606,9,True
2023-01-26,19238,20976,18128,18901,1711750,-1.259011597534218,18215.2,478.0,15991.95,294.5,13962.616666666669,119.5,루닛,328130,368121.05,383591.2173833472,True,13962.616666666669,1847.3793448518657,True,23631.0,False,2023-02-24,2023-01-26,20252.0,23414.0,19938.0,21701.0,8008462.0,6.896212009260627,23631.0,19407.8,618.0,19377.55,117.09999999999854,16341.566666666668,131.5500000000011,29,True
2023-02-01,19891,21966,19142,19698,2717490,2.9046076690001046,19291.8,111.20000000000071,17069.8,288.5,14473.583333333334,138.41666666666788,루닛,328130,403996.4833333333,427341.0069264694,True,14473.583333333334,2190.20940328225,True,23631.0,False,2023-02-27,2023-02-01,21821.0,22425.0,20904.0,22232.0,1884902.0,2.446891848301921,23631.0,20112.6,704.7999999999993,19521.2,143.65000000000146,16478.35,136.78333333333103,26,True
2023-05-11,31380,35387,30656,33167,5748440,11.343494024439371,29469.4,840.0,27868.85,277.5499999999993,23168.4,223.6833333333343,루닛,328130,1233700.3666666667,1490527.535355115,True,23168.4,4050.646084477765,True,32635.0,True,2023-05-24,2023-05-11,34615.0,39202.0,34470.0,38430.0,2381697.0,11.01802634619829,36643.0,34480.6,656.5999999999985,30710.1,605.8999999999978,25421.066666666666,278.8166666666657,13,True
2023-06-26,70101,87337,69329,83234,6374115,21.23869313795464,69628.6,6933.000000000007,52803.1,2220.900000000001,36435.73333333333,1066.183333333327,루닛,328130,1643464.8833333333,1489508.8549915615,True,36435.73333333333,13969.01122383942,True,76377.0,True,2023-07-05,2023-06-26,84971.0,94965.0,81109.0,91248.0,4831464.0,12.499075329799036,96558.0,79236.4,1969.7999999999884,65375.2,1829.799999999996,43418.23333333333,1096.75,9,True
2020-03-20,8030,8920,8010,8560,5347037,7.672955974842767,7734.0,404.0,7571.5,26.5,7685.833333333333,12.83333333333303,바이넥스,053030,483149.63333333336,990438.4616958662,True,7685.833333333333,377.1269249393096,True,12300.0,False,2020-03-27,2020-03-20,9150.0,11300.0,8520.0,10050.0,13266349.0,13.43115124153499,12300.0,8850.0,298.0,7936.5,152.0,7771.5,35.83333333333303,7,True
2020-03-26,9000,9430,8710,8860,4514061,1.3729977116704806,8552.0,182.0,7784.5,71.0,7735.666666666667,16.33333333333394,바이넥스,053030,677625.1,1245735.301945785,True,7735.666666666667,439.21102864531,True,12300.0,False,2020-03-27,2020-03-26,9150.0,11300.0,8520.0,10050.0,13266349.0,13.43115124153499,12300.0,8850.0,298.0,7936.5,152.0,7771.5,35.83333333333303,1,True
2020-03-27,9150,11300,8520,10050,13266349,13.43115124153499,8850.0,298.0,7936.5,152.0,7771.5,35.83333333333303,바이넥스,053030,749456.3166666667,1338757.6103327472,True,7771.5,530.9659410061348,True,12300.0,False,2020-04-24,2020-03-27,10550.0,12200.0,10450.0,12150.0,16414829.0,14.084507042253522,12200.0,10850.0,330.0,10660.0,164.5,8722.333333333334,76.83333333333394,28,True
2020-07-14,14650,17250,14600,15700,14174275,7.534246575342466,14530.0,580.0,13540.0,137.5,12814.166666666666,85.0,바이넥스,053030,2064713.1666666667,2742630.1582510364,True,12814.166666666666,1040.5788670404277,True,15550.0,True,2020-07-23,2020-07-14,17150.0,19850.0,16650.0,18700.0,13610956.0,10.979228486646884,17350.0,16340.0,670.0,14465.0,242.5,13402.5,106.66666666666606,9,True
2020-07-23,17150,19850,16650,18700,13610956,10.979228486646884,16340.0,670.0,14465.0,242.5,13402.5,106.66666666666606,바이넥스,053030,2239189.6,2646036.913779153,True,13402.5,1298.4810226190295,True,17350.0,True,2020-07-27,2020-07-23,20050.0,21100.0,19400.0,20400.0,7534403.0,7.651715039577836,21450.0,18090.0,990.0,15127.5,385.0,13664.166666666666,145.83333333333212,4,True
2020-07-24,18400,21450,18300,18950,13586174,1.3368983957219251,17100.0,760.0,14742.5,277.5,13518.333333333334,115.83333333333394,바이넥스,053030,2328431.95,2927720.7752024927,True,13518.333333333334,1469.9235154398357,True,19850.0,True,2020-07-28,2020-07-24,21650.0,24500.0,21250.0,23300.0,15178353.0,14.215686274509803,21450.0,19640.0,1550.0,15655.0,527.5,13856.666666666666,192.5,4,True
2020-07-28,21650,24500,21250,23300,15178353,14.215686274509803,19640.0,1550.0,15655.0,527.5,13856.666666666666,192.5,바이넥스,053030,2614890.9833333334,3329670.8733181786,True,13856.666666666666,2087.218298594751,True,21450.0,True,2020-08-25,2020-07-28,22950.0,28750.0,22300.0,28750.0,29937787.0,29.79683972911964,25250.0,22260.0,1830.0,22117.5,417.5,16872.5,265.0,28,True
2020-08-26,29800,36200,29000,29000,41970456,0.8695652173913043,23980.0,1720.0,22402.5,285.0,17135.833333333332,263.3333333333321,바이넥스,053030,3686437.733333333,4926232.521185784,True,17135.833333333332,4440.998243129613,True,28750.0,True,No pumping date,2020-08-26,,,,,,,,,,,,,,No pumping date,True
2021-02-10,31850,34550,29350,32900,31613951,21.178637200736645,28570.0,1080.0,27855.0,355.0,27857.5,92.5,바이넥스,053030,2290394.566666667,3126879.5669623893,True,27857.5,1736.6396784829797,True,39400.0,False,2021-02-15,2021-02-10,32900.0,38800.0,32250.0,36100.0,28432081.0,9.72644376899696,39400.0,30410.0,1840.0,28282.5,427.5,28005.83333333333,148.33333333333212,5,True
2021-02-15,32900,38800,32250,36100,28432081,9.72644376899696,30410.0,1840.0,28282.5,427.5,28005.83333333333,148.33333333333212,바이넥스,053030,2788551.4,4908529.987330946,True,28005.83333333333,2034.1385480759368,True,39400.0,False,No pumping date,2021-02-15,,,,,,,,,,,,,,No pumping date,True
2022-04-07,16050,18800,15950,17250,11676503,6.811145510835913,16480.0,240.0,15827.5,100.0,14403.333333333334,45.83333333333394,바이넥스,053030,331127.88333333336,294517.3780170646,True,14403.333333333334,1290.0488319049464,True,35200.0,False,2024-07-08,2022-04-07,19140.0,20200.0,18650.0,19850.0,16312447.0,8.767123287671232,18480.0,17228.0,728.0,15483.5,229.0,14604.333333333334,119.33333333333394,823,True
2024-01-29,8450,10330,8450,9680,13464661,16.489999771118164,8606.0,274.0,8640.0,36.5,8287.5,38.33333333333394,바이넥스,053030,116619.26666666666,88009.87742546009,True,8287.5,421.7100980266828,True,11950.0,False,2024-02-05,2024-01-29,10110.0,11170.0,10110.0,10790.0,7046651.0,5.46999979019165,11950.0,10272.0,222.0,8942.5,105.0,8484.166666666666,45.5,7,True
2024-01-30,10290,11220,9640,9970,13157569,3.0,8928.0,322.0,8670.0,30.0,8327.5,40.0,바이넥스,053030,340337.25,1725278.665442135,True,8327.5,464.18371947080016,True,11950.0,False,2024-02-06,2024-01-30,10610.0,11700.0,10600.0,11340.0,7218519.0,5.099999904632568,11950.0,10546.0,274.0,9070.5,128.0,8540.0,55.83333333333394,7,True
2024-01-31,9820,11410,9800,10270,10533095,3.009999990463257,9298.0,370.0,8713.5,43.5,8369.166666666666,41.66666666666606,바이넥스,053030,558581.5666666667,2389827.420480277,True,8369.166666666666,521.9074912056285,True,11950.0,False,2024-02-13,2024-01-31,11350.0,12400.0,11320.0,12380.0,2646263.0,9.359999656677246,11950.0,11432.0,430.0,9528.5,193.0,8732.0,76.0,13,True
2024-07-05,15350,18390,15270,18250,17216097,17.514488087572442,16500.0,680.0,15254.5,111.5,14485.0,85.0,바이넥스,053030,1270304.6666666667,1135723.7349837178,True,14485.0,1243.2318463293502,True,18480.0,False,2024-07-08,2024-07-05,19140.0,20200.0,18650.0,19850.0,16312447.0,8.767123287671232,18480.0,17228.0,728.0,15483.5,229.0,14604.333333333334,119.33333333333394,3,True
2024-07-08,19140,20200,18650,19850,16312447,8.767123287671232,17228.0,728.0,15483.5,229.0,14604.333333333334,119.33333333333394,바이넥스,053030,1549307.3833333333,2347262.932407516,True,14604.333333333334,1401.564944547343,True,18480.0,True,2024-07-09,2024-07-08,19500.0,20600.0,19340.0,20250.0,5856710.0,2.0151133501259446,20200.0,17968.0,740.0,15708.5,225.0,14731.5,127.16666666666606,1,True
2020-11-24,1935,2010,1915,2010,1470429,4.6875,1893.0,29.0,1802.75,16.0,1732.3333333333333,6.25,GS글로벌,001250,296142.9,207441.95771745636,True,1732.3333333333333,79.9759850960981,True,2320.0,False,2020-12-15,2020-11-24,2010.0,2070.0,2005.0,2030.0,851786.0,1.2468827930174564,2320.0,1958.0,30.0,1921.75,8.25,1791.8333333333333,4.5,21,True
2020-11-25,2020,2025,1920,1970,1320626,-1.9900497512437807,1917.0,24.0,1816.0,13.25,1738.5,6.166666666666743,GS글로벌,001250,315760.5,256929.28994935835,True,1738.5,83.77380764569875,True,2320.0,False,2020-12-15,2020-11-25,2010.0,2070.0,2005.0,2030.0,851786.0,1.2468827930174564,2320.0,1958.0,30.0,1921.75,8.25,1791.8333333333333,4.5,20,True
2021-01-06,2165,2710,2045,2265,12410667,8.373205741626794,2037.0,69.0,1978.25,17.75,1860.25,8.75,GS글로벌,001250,494852.26666666666,552584.1425891127,True,1860.25,126.07982741643,True,2250.0,True,2021-04-27,2021-01-06,2650.0,3280.0,2645.0,3015.0,40856224.0,13.559322033898304,2795.0,2695.0,78.0,2590.5,32.0,2439.5,6.25,111,True
2021-01-26,2395,2565,2380,2415,7257229,2.1141649048625792,2324.0,43.0,2198.25,22.5,1991.75,11.833333333333258,GS글로벌,001250,1016055.95,1766036.4760498556,True,1991.75,187.35859074359115,True,2710.0,False,2021-01-27,2021-01-26,2400.0,2660.0,2365.0,2660.0,8785207.0,10.144927536231885,2710.0,2415.0,91.0,2235.25,37.0,2008.3333333333333,16.583333333333258,1,True
2021-01-27,2400,2660,2365,2660,8785207,10.144927536231885,2415.0,91.0,2235.25,37.0,2008.3333333333333,16.583333333333258,GS글로벌,001250,1132298.75,1938100.7426187748,True,2008.3333333333333,201.45165266530492,True,2710.0,False,2021-04-12,2021-01-27,2620.0,2745.0,2595.0,2695.0,3022489.0,4.054054054054054,2795.0,2565.0,56.0,2442.25,16.0,2383.333333333333,7.41666666666697,75,True
2021-01-28,2600,2795,2555,2640,8197534,-0.7518796992481203,2476.0,61.0,2271.75,36.5,2023.5,15.166666666666742,GS글로벌,001250,1274838.433333333,2171294.757837199,True,2023.5,214.0059796408377,True,2710.0,True,2021-04-27,2021-01-28,2650.0,3280.0,2645.0,3015.0,40856224.0,13.559322033898304,2795.0,2695.0,78.0,2590.5,32.0,2439.5,6.25,89,True
2021-04-27,2650,3280,2645,3015,40856224,13.559322033898304,2695.0,78.0,2590.5,32.0,2439.5,6.25,GS글로벌,001250,1112366.6666666667,1294117.090530638,True,2439.5,151.44417777864822,True,2795.0,True,2022-04-11,2021-04-27,2990.0,3555.0,2815.0,3555.0,84052808.0,29.981718464351005,3350.0,2876.0,189.0,2590.75,59.75,2379.75,19.416666666666515,349,True
2021-10-06,2795,3170,2765,2765,48781505,1.841620626151013,2627.0,37.0,2673.75,-2.0,2750.833333333333,-3.416666666666515,GS글로벌,001250,475066.9666666667,632431.6657299768,True,2750.833333333333,112.83393627425112,True,3350.0,False,2022-04-11,2021-10-06,2990.0,3555.0,2815.0,3555.0,84052808.0,29.981718464351005,3350.0,2876.0,189.0,2590.75,59.75,2379.75,19.416666666666515,187,True
2022-03-03,2400,2635,2370,2470,5738480,4.439746300211417,2397.0,50.0,2256.0,18.25,2291.583333333333,3.583333333333485,GS글로벌,001250,566974.6333333333,1119381.7683589845,True,2291.583333333333,101.2861848572591,True,3350.0,False,2022-03-30,2022-03-03,2680.0,2850.0,2670.0,2755.0,9069077.0,5.961538461538462,3350.0,2554.0,46.0,2447.5,20.5,2331.4166666666665,7.33333333333303,27,True
2022-03-04,2505,2635,2455,2575,6040495,4.251012145748987,2418.0,21.0,2273.75,17.75,2296.6666666666665,5.08333333333303,GS글로벌,001250,655323.4833333333,1303107.7759052166,True,2296.6666666666665,107.63901798182384,True,3350.0,False,2022-03-30,2022-03-04,2680.0,2850.0,2670.0,2755.0,9069077.0,5.961538461538462,3350.0,2554.0,46.0,2447.5,20.5,2331.4166666666665,7.33333333333303,26,True
2022-03-29,2720,2780,2515,2600,10669432,5.05050505050505,2508.0,30.0,2427.0,13.25,2324.083333333333,4.66666666666697,GS글로벌,001250,897102.8833333333,1484212.5397785574,True,2324.083333333333,128.51660733766215,True,3350.0,False,2022-04-07,2022-03-29,2670.0,2815.0,2655.0,2780.0,4075367.0,4.119850187265917,3350.0,2665.0,14.0,2514.5,19.75,2355.9166666666665,5.08333333333303,9,True
2022-03-30,2680,2850,2670,2755,9069077,5.961538461538462,2554.0,46.0,2447.5,20.5,2331.4166666666665,7.33333333333303,GS글로벌,001250,1070623.5,1945241.799041184,True,2331.4166666666665,140.0275144471999,True,3350.0,False,2022-04-11,2022-03-30,2990.0,3555.0,2815.0,3555.0,84052808.0,29.981718464351005,3350.0,2876.0,189.0,2590.75,59.75,2379.75,19.416666666666515,12,True
2022-04-11,2990,3555,2815,3555,84052808,29.981718464351005,2876.0,189.0,2590.75,59.75,2379.75,19.416666666666515,GS글로벌,001250,1379086.5833333333,2224432.647263709,True,2379.75,236.31246371800904,True,3350.0,True,2022-04-12,2022-04-11,3745.0,4440.0,3715.0,3850.0,142777269.0,8.29817158931083,3555.0,3118.0,242.0,2669.75,79.0,2405.083333333333,25.333333333333485,1,True
2022-04-12,3745,4440,3715,3850,142777269,8.29817158931083,3118.0,242.0,2669.75,79.0,2405.083333333333,25.333333333333485,GS글로벌,001250,2775207.033333333,10899181.477038616,True,2405.083333333333,302.96345876133887,True,3555.0,True,2022-04-27,2022-04-12,4170.0,4510.0,4170.0,4480.0,7735780.0,8.869987849331713,4675.0,4144.0,238.0,3406.75,86.25,2692.0,38.91666666666652,15,True
2022-04-21,3325,4055,3295,3750,114660239,13.98176291793313,3510.0,14.0,3072.0,62.75,2553.833333333333,25.083333333333485,GS글로벌,001250,6695206.05,21523397.889467128,True,2553.833333333333,481.1386271451025,True,4440.0,False,2022-04-22,2022-04-21,3675.0,4675.0,3610.0,4265.0,120545339.0,13.733333333333334,4440.0,3641.0,131.0,3163.0,91.0,2587.6666666666665,33.83333333333303,1,True
2022-04-22,3675,4675,3610,4265,120545339,13.733333333333334,3641.0,131.0,3163.0,91.0,2587.6666666666665,33.83333333333303,GS글로벌,001250,8603318.9,25620305.883271843,True,2587.6666666666665,527.4807946272218,True,4440.0,True,No pumping date,2022-04-22,,,,,,,,,,,,,,No pumping date,True
2022-04-29,4030,4975,3935,4600,121659282,13.022113022113022,4275.0,67.0,3573.5,98.75,2767.333333333333,41.583333333333485,GS글로벌,001250,11185951.566666666,29320598.3594773,True,2767.333333333333,687.0148313763493,True,4675.0,True,No pumping date,2022-04-29,,,,,,,,,,,,,,No pumping date,True
2023-04-04,2680,2880,2660,2745,9819263,3.00187617260788,2660.0,44.0,2495.0,10.0,2478.6666666666665,6.33333333333303,GS글로벌,001250,1043796.4333333332,1391540.48835782,True,2478.6666666666665,94.09635643202752,True,5230.0,False,2023-04-19,2023-04-04,2805.0,2950.0,2790.0,2910.0,2958294.0,4.301075268817205,5230.0,2795.0,40.0,2669.5,24.0,2544.583333333333,9.25,15,True
2023-04-21,2810,3545,2720,3110,63108884,11.071428571428571,2885.0,71.0,2720.25,32.25,2562.25,11.0,GS글로벌,001250,1183273.7833333334,1596647.5176121294,True,2562.25,147.95333952961096,True,5230.0,False,2024-06-24,2023-04-21,3360.0,4150.0,3315.0,3850.0,151841329.0,19.937694704049843,3220.0,2882.0,284.0,2536.25,72.0,2517.833333333333,17.833333333333485,430,True
2023-04-25,2990,3580,2905,3270,52720580,7.565789473684211,3026.0,96.0,2784.0,37.25,2586.0,14.083333333333483,GS글로벌,001250,2501978.433333333,8380206.243882055,True,2586.0,182.15005920338035,True,5230.0,False,2024-06-24,2023-04-25,3360.0,4150.0,3315.0,3850.0,151841329.0,19.937694704049843,3220.0,2882.0,284.0,2536.25,72.0,2517.833333333333,17.833333333333485,426,True
2024-02-29,2520,3150,2510,2925,28100628,15.609999656677246,2633.0,54.0,2639.75,17.25,2588.333333333333,5.833333333333485,GS글로벌,001250,646274.9666666667,515488.30175670295,True,2588.333333333333,75.13077111517248,True,3580.0,False,2024-06-21,2024-02-29,2490.0,3210.0,2450.0,3210.0,18467285.0,29.959514170040485,3285.0,2598.0,157.0,2464.25,39.0,2500.0,7.5,113,True
2024-06-21,2490,3210,2450,3210,18467285,29.959514170040485,2598.0,157.0,2464.25,39.0,2500.0,7.5,GS글로벌,001250,552617.5333333333,570271.3608145231,True,2500.0,140.69139204872926,True,3285.0,False,2024-06-24,2024-06-21,3360.0,4150.0,3315.0,3850.0,151841329.0,19.937694704049843,3220.0,2882.0,284.0,2536.25,72.0,2517.833333333333,17.833333333333485,3,True
2024-06-24,3360,4150,3315,3850,151841329,19.937694704049843,2882.0,284.0,2536.25,72.0,2517.833333333333,17.833333333333485,GS글로벌,001250,845011.05,2382333.799127381,True,2517.833333333333,221.43095236814943,True,3220.0,True,2024-06-27,2024-06-24,4000.0,4170.0,3970.0,4170.0,5349064.0,5.70342205323194,4430.0,3824.0,340.0,2779.5,89.5,2582.75,25.0,3,True
2024-06-25,4040,4430,3860,3945,78341492,2.467532467532468,3183.0,301.0,2613.5,77.25,2537.4166666666665,19.58333333333303,GS글로벌,001250,3367147.3833333333,19637806.388982896,True,2537.4166666666665,286.5065616822843,True,4150.0,True,No pumping date,2024-06-25,,,,,,,,,,,,,,No pumping date,True
2024-05-28,7050,7150,6670,6950,20975788,2.658788774002954,5980.0,288.0,5736.75,103.5,5526.666666666667,11.33333333333394,슈어소프트테크,298830,2035998.4166666667,5365157.261442346,True,5526.666666666667,504.5065273692751,True,12300.0,False,No pumping date,2024-05-28,,,,,,,,,,,,,,No pumping date,True
2024-05-30,7230,7800,6600,6650,44912173,0.6051437216338881,6462.0,246.0,5894.5,70.5,5541.833333333333,8.66666666666606,슈어소프트테크,298830,2577616.066666667,6016931.722738317,True,5541.833333333333,530.3348531797512,True,12200.0,False,No pumping date,2024-05-30,,,,,,,,,,,,,,No pumping date,True
2019-11-14,930,1205,930,1165,15369956,25.67421790722761,955.2,58.80000000000007,892.65,12.199999999999932,914.7333333333332,5.083333333333371,우리바이오,082850,98958.23333333334,249148.5353694142,True,914.7333333333332,49.41037654920616,True,1640.0,False,2020-01-09,2019-11-14,1145.0,1225.0,1130.0,1205.0,1098452.0,9.545454545454549,1640.0,1164.0,7.0,1116.0,6.5,1032.3333333333333,4.966666666666697,56,True
2020-07-17,1200,1365,1200,1260,2291105,4.132231404958678,1230.0,16.0,1115.75,10.25,1085.15,5.933333333333394,우리바이오,082850,315037.75,404447.49460386427,True,1085.15,80.48030077950102,True,1440.0,False,2020-08-18,2020-07-17,1355.0,1660.0,1350.0,1660.0,19863108.0,29.6875,1440.0,1312.0,81.0,1243.25,20.0,1151.7,9.416666666666742,32,True
2020-08-18,1355,1660,1350,1660,19863108,29.6875,1312.0,81.0,1243.25,20.0,1151.7,9.416666666666742,우리바이오,082850,388466.51666666666,516744.0723238602,True,1151.7,109.00090187777784,True,1440.0,True,2020-08-19,2020-08-18,1800.0,2155.0,1770.0,2155.0,17057163.0,29.81927710843373,1660.0,1497.0,185.0,1287.5,44.25,1169.0333333333333,17.333333333333258,1,True
2020-08-19,1800,2155,1770,2155,17057163,29.81927710843373,1497.0,185.0,1287.5,44.25,1169.0333333333333,17.333333333333258,우리바이오,082850,717746.0,2565848.0873056706,True,1169.0333333333333,169.15682891435685,True,1660.0,True,2020-08-20,2020-08-19,2555.0,2800.0,2500.0,2800.0,13332479.0,29.930394431554525,2155.0,1815.0,318.0,1366.25,78.75,1196.7,27.666666666666742,1,True
2020-08-20,2555,2800,2500,2800,13332479,29.930394431554525,1815.0,318.0,1366.25,78.75,1196.7,27.666666666666742,우리바이오,082850,999291.1666666666,3320060.6537351045,True,1196.7,270.01288732583345,True,2155.0,True,2020-08-26,2020-08-20,3150.0,3560.0,2900.0,3560.0,25037579.0,29.92700729927008,2800.0,2680.0,281.0,1650.25,116.75,1299.0333333333333,40.5,6,True
2020-08-26,3150,3560,2900,3560,25037579,29.92700729927008,2680.0,281.0,1650.25,116.75,1299.0333333333333,40.5,우리바이오,082850,1428497.933333333,3753767.158387487,True,1299.0333333333333,477.1615924513766,True,2800.0,True,2020-09-10,2020-08-26,3780.0,4575.0,3555.0,3595.0,20769225.0,2.130681818181818,3700.0,3447.0,126.0,2707.25,119.25,1675.3333333333333,43.08333333333326,15,True
2020-09-10,3780,4575,3555,3595,20769225,2.130681818181818,3447.0,126.0,2707.25,119.25,1675.3333333333333,43.08333333333326,우리바이오,082850,3038715.0166666666,5564878.078209875,True,1675.3333333333333,848.201920049194,True,3700.0,True,2020-11-09,2020-09-10,3755.0,4600.0,3655.0,4600.0,34570418.0,29.94350282485876,4575.0,3653.0,268.0,3286.75,58.0,3006.6666666666665,55.75,60,True
2020-11-11,6010,7500,5700,6080,71746404,1.6722408026755853,4720.0,553.0,3560.5,144.5,3167.0,81.16666666666652,우리바이오,082850,6517218.166666667,7461548.184294582,True,3167.0,773.4608554511647,True,5980.0,True,2020-12-02,2020-11-11,6350.0,8110.0,6080.0,8110.0,44667744.0,29.967948717948715,7500.0,6262.0,580.0,5450.0,239.75,3975.1666666666665,85.75,21,True
2020-12-03,8730,10100,8400,8450,87386243,4.192355117139334,6902.0,640.0,5702.5,252.5,4059.6666666666665,84.5,우리바이오,082850,9469079.216666669,12825535.15299796,True,4059.6666666666665,1344.232143826789,True,8110.0,True,No pumping date,2020-12-03,,,,,,,,,,,,,,No pumping date,True
2021-04-26,5450,6480,5290,6480,22286109,29.85971943887776,5342.0,250.0,4746.75,109.25,4851.833333333333,12.16666666666606,우리바이오,082850,2119601.2333333334,3853496.071996264,True,4851.833333333333,516.7950177734576,True,10100.0,False,No pumping date,2021-04-26,,,,,,,,,,,,,,No pumping date,True
2021-04-27,6680,6830,5820,5960,22831726,-8.024691358024691,5508.0,166.0,4829.5,82.75,4855.333333333333,3.5,우리바이오,082850,2424157.1666666665,4646221.79209,True,4855.333333333333,523.6466549201166,True,10100.0,False,No pumping date,2021-04-27,,,,,,,,,,,,,,No pumping date,True
2021-04-29,6380,6750,6010,6230,28168322,-0.9538950715421304,5990.0,230.0,5031.5,99.0,4890.0,16.33333333333303,우리바이오,082850,3117592.85,6098249.354364509,True,4890.0,579.1029006070626,True,10100.0,False,No pumping date,2021-04-29,,,,,,,,,,,,,,No pumping date,True
2021-12-16,4470,5210,4385,4745,9954653,8.333333333333332,4387.0,97.0,4273.5,27.75,4279.333333333333,0.0,우리바이오,082850,703526.0833333334,1269110.500411401,True,4279.333333333333,233.07717981690237,True,7800.0,False,2024-08-08,2021-12-16,5640.0,5900.0,5140.0,5280.0,38790090.0,3.125,5850.0,4977.0,22.0,4200.5,125.75,3348.75,41.25,966,True
2021-12-22,4985,5650,4910,5140,28965935,6.308169596690797,4861.0,152.0,4421.5,50.25,4285.083333333333,3.5,우리바이오,082850,979190.1,1819436.5996902967,True,4285.083333333333,248.7485485293701,True,7790.0,False,2024-08-12,2021-12-22,5600.0,5840.0,5460.0,5720.0,21715662.0,4.0,6030.0,5346.0,254.0,4460.75,136.25,3439.9166666666665,45.33333333333303,964,True
2021-12-27,4600,5280,4565,4930,23669196,9.191583610188262,4824.0,44.0,4497.25,27.25,4282.666666666667,3.33333333333394,우리바이오,082850,1669437.1666666667,4296430.028733199,True,4282.666666666667,247.0237528321214,True,7790.0,False,2024-08-08,2021-12-27,5640.0,5900.0,5140.0,5280.0,38790090.0,3.125,5850.0,4977.0,22.0,4200.5,125.75,3348.75,41.25,955,True
2022-03-29,4125,5140,4080,5140,51154205,29.7979797979798,4144.0,275.0,3680.0,91.0,3783.3333333333335,3.5,우리바이오,082850,1205350.566666667,3774833.709532369,True,3783.3333333333335,435.89831914422206,True,6830.0,False,2024-07-30,2022-03-29,4600.0,5850.0,4550.0,5180.0,56795213.0,11.637931034482758,4640.0,4422.0,231.0,3435.75,115.5,3082.333333333333,40.75,854,True
2022-03-31,4895,5350,4840,5090,23687642,3.0364372469635628,4606.0,242.0,3838.0,80.0,3797.5,8.25,우리바이오,082850,1849924.1166666667,7095298.57791,True,3797.5,468.3576606665833,True,6830.0,False,2024-08-09,2022-03-31,5430.0,6030.0,5310.0,5500.0,36869402.0,4.166666666666666,5900.0,5092.0,115.0,4324.5,124.0,3394.583333333333,45.833333333333485,862,True
2023-10-12,2090,2670,2080,2490,16638858,21.16788321167883,2113.6,99.39999999999986,2187.3,5.5,2166.0666666666666,3.166666666666515,우리바이오,082850,811017.7,2612618.2394838235,True,2166.0666666666666,160.3929355841339,True,3825.0,False,2023-10-30,2023-10-12,2405.0,2955.0,2405.0,2675.0,28159098.0,8.961303462321792,3655.0,2427.0,130.0,2232.55,31.25,2201.633333333333,10.666666666666517,18,True
2023-10-26,2410,2980,2355,2450,38994984,-1.0101010101010102,2219.0,64.0,2185.05,14.5,2183.883333333333,10.48333333333312,우리바이오,082850,1448097.7,3636774.680578865,True,2183.883333333333,172.9181340213677,True,3825.0,False,2023-11-06,2023-10-26,2960.0,3345.0,2960.0,3050.0,33353410.0,4.452054794520548,3655.0,2749.0,75.0,2414.5,51.5,2258.05,16.66666666666697,11,True
2023-10-30,2405,2955,2405,2675,28159098,8.961303462321792,2427.0,130.0,2232.55,31.25,2201.633333333333,10.666666666666517,우리바이오,082850,2184681.6666666665,6073512.323814359,True,2201.633333333333,184.762327096488,True,3655.0,False,2023-11-06,2023-10-30,2960.0,3345.0,2960.0,3050.0,33353410.0,4.452054794520548,3655.0,2749.0,75.0,2414.5,51.5,2258.05,16.66666666666697,7,True
2023-11-01,2605,2855,2590,2690,23588651,10.245901639344265,2542.0,43.0,2284.05,31.5,2217.3,9.833333333333483,우리바이오,082850,2723375.333333333,6925769.566698412,True,2217.3,196.23112453755505,True,3655.0,False,2023-11-03,2023-11-01,2625.0,3095.0,2615.0,2920.0,32378381.0,10.396975425330812,3655.0,2674.0,93.0,2363.0,46.34999999999991,2241.383333333333,14.33333333333303,2,True
2023-11-03,2625,3095,2615,2920,32378381,10.396975425330812,2674.0,93.0,2363.0,46.34999999999991,2241.383333333333,14.33333333333303,우리바이오,082850,3161254.6333333333,7410621.456906386,True,2241.383333333333,220.33565239765304,True,3655.0,False,2023-12-27,2023-11-03,2995.0,3555.0,2960.0,3450.0,50881329.0,26.13999938964844,3450.0,2888.0,167.0,2693.25,42.25,2583.516666666667,23.5,54,True
2023-11-06,2960,3345,2960,3050,33353410,4.452054794520548,2749.0,75.0,2414.5,51.5,2258.05,16.66666666666697,우리바이오,082850,3698885.8,8302718.390123444,True,2258.05,242.3363277816537,True,3655.0,False,2023-12-27,2023-11-06,2995.0,3555.0,2960.0,3450.0,50881329.0,26.13999938964844,3450.0,2888.0,167.0,2693.25,42.25,2583.516666666667,23.5,51,True
2023-12-27,2995,3555,2960,3450,50881329,26.13999938964844,2888.0,167.0,2693.25,42.25,2583.516666666667,23.5,우리바이오,082850,4062981.25,8860393.599728758,True,2583.516666666667,301.12137828998743,True,3450.0,True,2024-07-19,2023-12-27,3120.0,3905.0,3100.0,3905.0,67691821.0,29.950083194675543,3950.0,3125.0,177.0,2952.0,50.75,2882.333333333333,23.083333333333485,205,True
2024-05-17,2775,3280,2740,3000,25936415,9.090909090909092,2801.0,58.0,2667.75,20.5,2781.25,1.5,우리바이오,082850,1400411.7666666666,3452267.2014727374,True,2781.25,144.69905941848685,True,3950.0,False,2024-07-19,2024-05-17,3120.0,3905.0,3100.0,3905.0,67691821.0,29.950083194675543,3950.0,3125.0,177.0,2952.0,50.75,2882.333333333333,23.083333333333485,63,True
2024-07-19,3120,3905,3100,3905,67691821,29.950083194675543,3125.0,177.0,2952.0,50.75,2882.333333333333,23.083333333333485,우리바이오,082850,1586829.9833333334,4058466.2795638265,True,2882.333333333333,189.3912340843867,True,3950.0,False,2024-07-22,2024-07-19,4485.0,4525.0,3950.0,4025.0,46061618.0,3.0729833546734957,3950.0,3331.0,206.0,3009.75,57.75,2905.9166666666665,23.58333333333303,3,True
2024-07-22,4485,4525,3950,4025,46061618,3.0729833546734957,3331.0,206.0,3009.75,57.75,2905.9166666666665,23.58333333333303,우리바이오,082850,2711147.05,9445641.8647669,True,2905.9166666666665,237.0162185444102,True,3950.0,True,2024-07-29,2024-07-22,4375.0,4640.0,4290.0,4640.0,3804038.0,9.176470588235292,4525.0,4191.0,123.0,3320.25,86.75,3041.583333333333,34.66666666666697,7,True
2024-07-30,4600,5850,4550,5180,56795213,11.637931034482758,4422.0,231.0,3435.75,115.5,3082.333333333333,40.75,우리바이오,082850,4723870.516666667,12207999.778542442,True,3082.333333333333,496.5921720191712,True,4640.0,True,2024-08-13,2024-07-30,5620.0,5850.0,5210.0,5850.0,12813869.0,2.272727272727273,6030.0,5494.0,148.0,4609.0,148.25,3487.583333333333,47.66666666666697,14,True
2021-08-09,8242,8442,8075,8276,1282148,0.6200607902735562,8061.8,83.60000000000036,7744.05,38.40000000000055,7308.3,23.08333333333394,세경하이테크,148150,310852.6666666667,321418.2408824854,True,7308.3,369.2166375230005,True,9493.0,False,2021-08-27,2021-08-09,8292.0,8743.0,8276.0,8543.0,3558367.0,1.5935307408728745,8943.0,8305.8,317.1999999999989,7924.3,31.75,7513.833333333333,22.53333333333285,18,True
2021-08-24,8342,8826,8008,8209,7456942,2.715215215215215,7628.2,140.19999999999982,7816.6,37.55000000000018,7447.083333333333,20.58333333333303,세경하이테크,148150,455214.68333333335,606151.1298910159,True,7447.083333333333,371.8599285984392,True,8943.0,False,2021-09-01,2021-08-24,9026.0,9393.0,8792.0,9343.0,5284834.0,6.667427788560339,8992.0,8709.2,193.40000000000143,8081.1,73.40000000000055,7601.95,38.08333333333303,8,True
2021-09-01,9026,9393,8792,9343,5284834,6.667427788560339,8709.2,193.40000000000143,8081.1,73.40000000000055,7601.95,38.08333333333303,세경하이테크,148150,774411.2,1231031.9030328202,True,7601.95,510.8693297057075,True,8992.0,True,2021-09-02,2021-09-01,9743.0,11545.0,9577.0,11112.0,27110542.0,18.93396125441507,9393.0,9249.8,540.5999999999985,8243.8,162.6999999999989,7670.366666666667,68.41666666666697,1,True
2021-09-02,9743,11545,9577,11112,27110542,18.93396125441507,9249.8,540.5999999999985,8243.8,162.6999999999989,7670.366666666667,68.41666666666697,세경하이테크,148150,860899.1333333333,1358246.5992723864,True,7670.366666666667,677.5316107871865,True,9393.0,True,2024-05-16,2021-09-02,10680.0,12500.0,10540.0,12260.0,12372089.0,18.33976833976834,10860.0,10394.0,390.0,10045.0,124.0,9354.666666666666,68.16666666666606,987,True
2023-02-27,4424,5322,4424,4962,6810213,10.389321468298109,4628.2,79.39999999999964,4544.0,25.350000000000364,4461.516666666666,2.33333333333303,세경하이테크,148150,178968.23333333334,111380.26651581554,True,4461.516666666666,238.4009933196446,True,8192.0,False,2023-03-22,2023-02-27,5145.0,5879.0,4865.0,5469.0,12688326.0,19.540983606557376,7874.0,4764.2,186.19999999999985,4811.05,39.40000000000055,4511.016666666666,17.466666666666242,23,True
2023-03-22,5145,5879,4865,5469,12688326,19.540983606557376,4764.2,186.19999999999985,4811.05,39.40000000000055,4511.016666666666,17.466666666666242,세경하이테크,148150,333501.61666666664,885202.59172963,True,4511.016666666666,312.50244699603013,True,7874.0,False,2023-05-19,2023-03-22,5739.0,5983.0,5689.0,5973.0,1053442.0,5.6607111268353085,7724.0,5509.2,120.19999999999982,5400.05,5.0,5270.033333333334,21.53333333333376,58,True
2023-11-15,4671,5609,4671,5022,5719326,8.443100842150724,4351.0,230.19999999999985,4131.05,24.550000000000185,4406.266666666666,-1.449999999999818,세경하이테크,148150,184320.06666666668,253249.09061479763,True,4406.266666666666,330.92422537163344,True,6807.0,False,2023-11-21,2023-11-15,5058.0,5956.0,5058.0,5696.0,4256602.0,14.102564102564102,6807.0,5098.6,213.0,4277.05,63.40000000000055,4430.616666666667,19.300000000000185,6,True
2023-11-21,5058,5956,5058,5696,4256602,14.102564102564102,5098.6,213.0,4277.05,63.40000000000055,4430.616666666667,19.300000000000185,세경하이테크,148150,292357.93333333335,759869.5045248108,True,4430.616666666667,376.0797829015914,True,6807.0,False,2023-12-06,2023-11-21,5850.0,6000.0,5700.0,5980.0,129164.0,1.5299999713897705,6950.0,5866.0,18.0,5326.15,105.44999999999982,4656.35,21.81666666666661,15,True
2024-05-16,10680,12500,10540,12260,12372089,18.33976833976834,10394.0,390.0,10045.0,124.0,9354.666666666666,68.16666666666606,세경하이테크,148150,759504.8166666667,514834.81690636097,True,9354.666666666666,917.390305023732,True,10860.0,True,2024-05-17,2024-05-16,12240.0,13280.0,12130.0,12700.0,8656519.0,3.588907014681892,12500.0,11024.0,630.0,10194.5,149.5,9432.166666666666,77.5,1,True
2024-05-17,12240,13280,12130,12700,8656519,3.588907014681892,11024.0,630.0,10194.5,149.5,9432.166666666666,77.5,세경하이테크,148150,942572.5166666668,1584268.4391306653,True,9432.166666666666,998.1628746321472,True,12500.0,True,No pumping date,2024-05-17,,,,,,,,,,,,,,No pumping date,True
2020-02-05,3960,4390,3890,4335,895944,11.153846153846157,3953.0,90.0,3681.0,49.25,3295.4166666666665,20.0,블루콤,033560,91724.73333333334,83789.78563752495,True,3295.4166666666665,332.3188835974529,True,5770.0,False,2020-02-07,2020-02-05,4350.0,4595.0,4315.0,4390.0,381444.0,1.0356731875719216,5770.0,4166.0,128.0,3782.0,52.5,3336.9166666666665,21.25,2,True
2020-06-04,4865,5890,4850,5890,1456260,20.081549439347604,4938.0,309.0,4394.25,99.5,3709.5833333333335,30.0,블루콤,033560,160522.11666666667,156591.16727943436,True,3709.5833333333335,687.2718676451741,True,5030.0,True,2020-06-05,2020-06-04,5730.0,6170.0,5600.0,6050.0,898228.0,2.7164685908319184,5890.0,5287.0,349.0,4501.0,106.75,3746.75,37.16666666666652,1,True
2020-06-05,5730,6170,5600,6050,898228,2.7164685908319184,5287.0,349.0,4501.0,106.75,3746.75,37.16666666666652,블루콤,033560,183360.35,228807.14180034245,True,3746.75,750.7136858587185,True,5890.0,True,2020-06-23,2020-06-05,6150.0,6230.0,5850.0,6200.0,347916.0,0.8130081300813009,6430.0,6050.0,78.0,5525.75,93.25,4340.75,57.33333333333303,18,True
2021-02-19,6490,7400,5770,5770,9027862,-11.908396946564883,6178.0,-30.0,5144.25,27.5,5338.75,-6.83333333333303,블루콤,033560,167042.86666666667,158491.0382423403,True,5338.75,501.7263628915413,True,8630.0,False,2021-03-05,2021-02-19,7180.0,7580.0,7050.0,7500.0,590696.0,4.3115438108484,8630.0,7092.0,108.0,6210.25,143.25,5493.916666666667,26.5,14,True
2021-02-22,6070,7050,5960,6490,6757495,12.478336221837088,6236.0,58.0,5228.0,83.75,5345.916666666667,7.16666666666697,블루콤,033560,316271.7166666667,1154588.2915885176,True,5345.916666666667,515.0962487538244,True,8630.0,False,2021-03-04,2021-02-22,7000.0,7290.0,6930.0,7190.0,301334.0,2.7142857142857144,8630.0,6984.0,52.0,6067.0,134.0,5467.416666666667,20.83333333333394,10,True
2021-07-06,9210,11700,9210,10050,1039325,9.120521172638435,9256.0,196.0,9497.5,21.5,8272.666666666666,51.0,블루콤,033560,99559.66666666669,73600.8635120435,True,8272.666666666666,1128.6603228136746,True,10150.0,True,2021-07-22,2021-07-06,11200.0,11800.0,11200.0,11700.0,201990.0,5.405405405405405,11700.0,11220.0,300.0,10054.0,133.0,8994.333333333334,77.83333333333394,16,True
2021-12-30,10250,11200,10200,11000,515566,7.317073170731707,10256.0,208.0,10137.5,60.5,9761.666666666666,32.66666666666606,블루콤,033560,80297.5,55676.20744362913,True,9761.666666666666,366.8933557089605,True,12850.0,False,2022-01-03,2021-12-30,11000.0,11750.0,11000.0,11650.0,235509.0,5.909090909090909,12850.0,10586.0,330.0,10217.5,80.0,9804.333333333334,42.66666666666788,4,True
2022-08-16,9650,10950,9490,9600,465996,-0.5181347150259068,9672.0,-14.0,9757.0,-1.0,9929.5,-11.66666666666606,블루콤,033560,35785.03333333333,43221.510317218985,True,9929.5,244.55026172248296,True,12400.0,False,No pumping date,2022-08-16,,,,,,,,,,,,,,No pumping date,True
2023-02-07,3980,5160,3980,5100,10534767,27.500000000000004,4183.0,248.0,3940.75,67.75,3967.75,17.0,블루콤,033560,75418.35,35461.62642118664,True,3967.75,217.71234520361315,True,12400.0,False,2023-02-08,2023-02-07,5130.0,6120.0,4980.0,5590.0,8914350.0,9.607843137254903,12400.0,4527.0,344.0,4027.25,86.5,3990.3333333333335,22.583333333333485,1,True
2023-02-08,5130,6120,4980,5590,8914350,9.607843137254903,4527.0,344.0,4027.25,86.5,3990.3333333333335,22.583333333333485,블루콤,033560,249631.1833333333,1350775.7866092287,True,3990.3333333333335,300.4570905747724,True,12400.0,False,No pumping date,2023-02-08,,,,,,,,,,,,,,No pumping date,True
2023-02-10,5670,6500,5300,5370,14842180,-0.1858736059479553,5088.0,266.0,4178.75,75.0,4026.5,17.583333333333485,블루콤,033560,421554.6666666667,1760505.3759503332,True,4026.5,388.42391223126646,True,12200.0,False,No pumping date,2023-02-10,,,,,,,,,,,,,,No pumping date,True
2023-02-14,5790,6740,5540,5610,14707495,4.081632653061225,5468.0,102.0,4343.25,88.5,4067.0833333333335,22.75,블루콤,033560,705344.7666666667,2570089.322336571,True,4067.0833333333335,470.04173243001793,True,12200.0,False,No pumping date,2023-02-14,,,,,,,,,,,,,,No pumping date,True
2024-01-18,3075,3690,3050,3050,1701111,-0.8100000023841858,3097.0,-17.0,3109.75,-3.0,3144.75,-2.5,블루콤,033560,52005.16666666666,112463.6250832005,True,3144.75,70.93459030323535,True,6740.0,False,2024-08-28,2024-01-18,3470.0,3735.0,3430.0,3695.0,113795.0,6.484149855907781,3955.0,3524.0,23.0,3485.0,33.75,3291.5,4.333333333333485,223,True
2024-06-14,3375,3830,3180,3255,820536,-3.698224852071006,3396.0,-32.0,3455.25,-15.0,3472.1666666666665,-1.1666666666669698,블루콤,033560,49432.333333333336,101683.3620603124,True,3472.1666666666665,78.40230164834435,True,4140.0,False,No pumping date,2024-06-14,,,,,,,,,,,,,,No pumping date,True
2024-07-31,2990,3925,2990,3315,2964925,9.7682119205298,3105.0,49.0,3121.25,9.5,3296.333333333333,-4.33333333333303,블루콤,033560,29038.93333333333,105294.83465752917,True,3296.333333333333,180.16674636839244,True,4035.0,False,No pumping date,2024-07-31,,,,,,,,,,,,,,No pumping date,True
2024-08-02,3175,3955,3140,3525,5515396,7.79816513761468,3236.0,88.0,3147.5,18.5,3290.4166666666665,-0.4166666666669698,블루콤,033560,84693.95,397683.4179792728,True,3290.4166666666665,175.1253586512678,True,4035.0,False,No pumping date,2024-08-02,,,,,,,,,,,,,,No pumping date,True
