,com_code,com_name,dump_date,High
20,900120,씨엑스아이,2024-01-24,142
14,900110,이스트아시아홀딩스,2023-10-19,160
17,900280,골든센츄리,2024-01-02,178
16,004410,서울식품,2023-12-20,203
12,900270,헝셩그룹,2023-12-28,257
10,038530,케이바이오,2024-03-19,309
6,900300,오가닉티코스메틱,2022-12-09,315
4,065420,에스아이리소스,2024-02-21,340
14,054630,에이디칩스,2023-12-19,353
24,096040,이트론,2023-04-19,421
21,032800,판타지오,2024-03-18,430
13,046070,코다코,2023-12-28,440
18,016600,큐캐피탈,2023-06-26,453
16,042040,케이피엠테크,2024-03-15,459
6,016670,디모아,2024-01-11,461
20,051780,큐로홀딩스,2023-10-19,465
14,208640,썸에이지,2023-11-20,478
3,168490,한국패러랠,2023-12-27,481
6,065150,대산F&B,2023-08-29,481
14,027040,서울전자통신,2024-03-11,527
20,096350,대창솔루션,2024-02-23,540
19,004060,SG세계물산,2023-11-29,544
23,021880,메이슨캐피탈,2023-12-26,546
14,043100,솔고바이오,2023-10-13,550
12,038880,아이에이,2024-02-16,564
15,052300,씨티프라퍼티,2023-12-11,570
16,096690,에이루트,2023-10-25,575
9,042940,상지카일룸,2024-03-15,593
11,040350,큐로컴,2023-10-16,595
11,003060,에이프로젠바이오로직스,2023-08-10,612
14,123840,뉴온,2023-02-08,629
10,001620,케이비아이동국실업,2023-12-06,645
8,101400,엔시트론,2024-02-23,664
9,007720,대명소노시즌,2024-01-11,670
17,083640,인콘,2023-12-08,677
12,001510,SK증권,2023-12-04,694
9,000890,보해양조,2023-01-19,696
13,023760,한국캐피탈,2024-02-22,702
20,065170,비엘팜텍,2023-09-27,718
3,054220,비츠로시스,2023-12-21,729
13,118000,에스메디,2023-05-04,730
0,115530,씨엔플러스,2023-01-13,731
22,044380,주연테크,2023-09-26,735
5,004870,티웨이홀딩스,2023-01-19,745
15,002630,오리엔트바이오,2023-09-27,749
16,363260,모비데이즈,2023-12-22,764
17,054300,팬스타엔터프라이즈,2023-09-21,779
23,035620,바른손이앤에이,2024-01-04,793
24,245620,EDGC,2024-02-27,798
18,019570,리더스 기술투자,2024-01-10,800
4,035290,골드앤에스,2024-03-07,803
10,012160,영흥,2023-06-05,813
14,008290,원풍물산,2024-01-30,826
9,044180,KD,2024-03-04,832
18,043200,파루,2023-10-23,834
20,227950,엔투텍,2024-02-26,836
21,114630,폴라리스우노,2023-10-12,840
15,008970,동양철관,2023-12-28,847
18,030350,드래곤플라이,2023-11-24,848
33,032680,소프트센,2024-02-16,860
11,065060,지엔코,2022-03-24,864
12,900260,로스웰,2024-03-07,870
13,072520,제넨바이오,2024-01-10,880
13,184230,SGA솔루션즈,2024-03-13,886
26,002360,SH에너지화학,2023-10-17,912
14,038620,위즈코프,2023-12-19,915
13,071950,코아스,2023-05-17,916
17,208710,바이오로그디바이스,2024-02-21,920
16,195990,에이비프로바이오,2023-09-26,940
14,015020,이스타코,2023-05-18,940
12,009310,참엔지니어링,2024-02-15,941
13,049470,SGA,2023-06-22,950
15,001210,금호전기,2024-02-26,972
16,900070,글로벌에스엠,2023-05-25,990
15,214330,금호에이치티,2023-07-05,993
10,005320,국동,2023-12-14,993
10,152550,한국ANKOR유전,2023-10-16,994
19,193250,와이제이엠게임즈,2023-12-01,999
19,010280,쌍용정보통신,2024-01-16,1010
6,001290,상상인증권,2023-02-02,1020
13,025750,한솔홈데코,2023-11-22,1030
14,001020,페이퍼코리아,2023-12-26,1044
21,036090,위지트,2024-02-15,1048
13,031820,콤텍시스템,2023-05-30,1051
10,085310,엔케이,2023-12-04,1059
15,131760,파인텍,2024-03-07,1059
14,043710,서울리거,2023-05-16,1062
16,033830,티비씨,2023-11-23,1080
17,019550,SBI인베스트먼트,2024-01-11,1080
19,006200,한국전자홀딩스,2023-12-07,1088
17,002870,신풍,2024-01-10,1092
17,219550,디와이디,2024-03-15,1099
10,001520,동양,2023-11-22,1107
16,145270,케이탑리츠,2023-12-26,1116
6,131090,시큐브,2023-08-23,1129
18,033050,제이엠아이,2023-12-28,1155
17,012280,영화금속,2023-03-15,1165
16,043340,에쎈테크,2023-02-22,1190
13,011370,서한,2023-05-09,1190
10,036180,지더블유바이텍,2023-08-29,1198
20,060260,뉴보텍,2023-06-29,1200
8,192410,휴림네트웍스,2024-02-20,1202
10,250930,예선테크,2023-06-23,1215
17,050090,비케이홀딩스,2024-03-19,1225
12,214310,에스엘에너지,2022-08-11,1236
24,008040,사조동아원,2023-05-25,1238
19,200230,텔콘RF제약,2023-11-14,1238
24,102280,쌍방울,2022-04-20,1240
17,000300,대유플러스,2023-06-08,1255
7,053590,한국테크놀로지,2022-03-25,1260
15,058400,KNN,2023-11-22,1280
7,079970,투비소프트,2022-10-11,1285
11,031860,에스유홀딩스,2023-08-09,1288
18,060560,홈센타홀딩스,2024-03-04,1290
12,007110,일신석재,2024-01-12,1294
7,036630,세종텔레콤,2021-11-19,1305
15,252500,세화피앤씨,2023-08-11,1319
11,115480,씨유메디칼,2023-06-23,1320
3,129890,앱코,2024-01-10,1339
18,011080,형지I&C,2023-05-22,1340
23,002680,한탑,2024-01-15,1350
21,020180,대신정보통신,2023-06-20,1350
20,084180,수성웹툰,2023-06-02,1352
17,041590,플래스크,2024-03-14,1375
20,007460,에이프로젠,2024-03-19,1387
8,353190,휴럼,2022-12-16,1390
13,099220,SDN,2023-12-20,1394
13,153490,우리이앤엘,2023-04-12,1406
17,192250,케이사인,2024-01-23,1410
22,002780,진흥기업,2023-06-05,1414
19,014160,대영포장,2024-01-10,1419
11,054940,엑사이엔씨,2023-06-22,1425
6,230980,비유테크놀러지,2022-08-29,1425
15,007120,미래아이앤지,2024-01-02,1430
16,014990,인디에프,2023-06-16,1430
16,900310,컬러레이,2023-07-18,1433
0,056730,CNT85,2023-12-15,1443
15,006490,인스코비,2024-01-23,1445
21,225430,케이엠제약,2023-06-27,1450
13,027970,한국제지,2022-11-30,1450
8,359090,씨엔알리서치,2024-01-15,1453
0,138360,협진,2023-11-17,1454
14,049080,기가레인,2024-02-26,1455
16,079950,인베니아,2023-12-20,1463
10,034830,한국토지신탁,2023-06-20,1478
10,009270,신원,2024-01-03,1500
8,049630,재영솔루텍,2021-09-02,1505
23,018620,우진비앤지,2023-10-23,1505
16,036170,클라우드에어,2023-06-05,1513
19,002760,보락,2023-12-19,1513
26,037950,엘컴텍,2024-03-07,1513
10,093240,형지엘리트,2024-01-02,1520
18,006340,대원전선,2024-03-14,1522
17,290660,네오펙트,2024-02-21,1524
7,276730,제주맥주,2024-03-19,1535
17,065650,메디프론,2024-02-15,1547
11,032980,바이온,2024-01-05,1580
17,331520,밸로프,2023-07-14,1580
17,045510,정원엔시스,2023-11-20,1595
22,293580,나우IB,2023-09-06,1595
20,032820,우리기술,2024-03-14,1597
24,027740,마니커,2023-05-22,1598
10,090150,아이윈,2024-01-08,1599
18,052900,KX하이텍,2024-02-27,1611
16,052420,오성첨단소재,2024-01-22,1614
18,065500,오리엔트정공,2023-05-15,1623
19,023440,제이스코홀딩스,2024-03-06,1624
11,065770,CS,2024-01-25,1626
6,049120,파인디앤씨,2023-08-29,1627
2,204610,티쓰리,2023-10-12,1629
6,020760,일진디스플,2023-05-31,1634
24,050110,캠시스,2024-01-26,1635
10,005110,한창,2024-03-19,1638
16,068330,일신바이오,2024-01-04,1650
18,187790,나노,2023-11-21,1651
17,333050,모코엠시스,2024-01-23,1665
8,196450,코아시아씨엠,2024-01-12,1670
26,013000,세우글로벌,2024-03-11,1679
4,079190,케스피온,2023-05-04,1681
8,035890,서희건설,2023-05-19,1685
14,038060,루멘스,2023-11-09,1689
5,078590,휴림에이텍,2024-02-21,1695
13,900340,윙입푸드,2023-08-28,1697
19,016920,카스,2023-10-06,1698
9,143540,영우디에스피,2023-03-31,1700
15,225590,패션플랫폼,2023-06-09,1702
15,328380,솔트웨어,2024-03-19,1713
22,043910,자연과환경,2023-07-17,1719
15,006050,국영지앤엠,2023-06-20,1721
19,043260,성호전자,2024-02-27,1730
3,452260,한화갤러리아,2024-02-20,1734
30,027710,팜스토리,2024-01-17,1742
20,009620,삼보산업,2023-11-07,1745
12,014910,성문전자,2024-01-08,1746
17,297570,알로이스,2023-11-29,1747
8,079650,서산,2024-03-15,1748
17,074430,아미노로직스,2023-11-08,1749
3,226360,KH 건설,2022-06-08,1760
7,065690,파커스,2023-11-28,1765
18,258790,소프트캠프,2024-01-19,1787
24,021050,서원,2024-02-15,1790
13,037760,쎄니트,2023-06-16,1809
13,104040,대성파인텍,2023-04-13,1835
34,012800,대창,2024-02-15,1838
16,040610,SG&G,2023-11-29,1858
13,009320,대우부품,2023-04-26,1865
4,204840,지엘팜텍,2021-04-12,1885
16,013700,까뮤이앤씨,2023-05-22,1889
5,017250,인터엠,2021-06-14,1895
8,006380,카프로,2023-08-09,1896
14,016880,웅진,2023-02-09,1898
14,010420,한솔PNS,2022-09-02,1935
2,263920,휴엠앤씨,2023-04-28,1941
20,012030,DB,2023-12-22,1942
17,092220,KEC,2024-01-09,1943
10,054090,삼진엘앤디,2024-01-09,1949
14,119650,KC코트렐,2024-01-10,1960
10,012170,아센디오,2024-02-23,1960
13,307280,원바이오젠,2024-01-04,1966
20,003310,대주산업,2024-01-18,1968
21,204630,스튜디오산타클로스,2022-04-04,1974
21,277410,인산가,2024-02-27,1975
3,019590,엠벤처투자,2021-12-13,1975
19,043220,티에스넥스젠,2022-01-21,1985
10,002700,신일전자,2023-11-08,1990
12,013360,일성건설,2023-10-20,1998
13,097800,윈팩,2023-02-15,1999
17,090080,평화산업,2023-05-12,2000
23,002070,비비안,2023-07-04,2020
20,273060,와이즈버즈,2023-12-26,2030
3,043590,웰킵스하이텍,2023-03-29,2030
2,380540,옵티코어,2024-01-15,2045
7,010580,에스엠벡셀,2023-12-19,2065
10,104480,티케이케미칼,2024-01-12,2070
16,048550,SM C&C,2024-01-29,2075
26,001000,신라섬유,2023-10-19,2075
9,002450,삼익악기,2021-06-01,2075
3,076610,해성옵틱스,2020-02-17,2095
13,054180,메디콕스,2023-05-18,2100
17,085810,알티캐스트,2023-06-01,2100
14,123010,아이윈플러스,2024-01-08,2105
10,044780,에이치케이,2023-08-21,2105
16,336060,웨이버스,2023-07-06,2110
17,032280,삼일,2024-01-15,2115
22,073560,우리손에프앤지,2023-06-15,2115
20,177350,베셀,2023-12-20,2120
2,424760,벨로크,2024-01-24,2135
19,032580,피델릭스,2023-12-11,2135
15,031510,오스템,2023-01-26,2140
12,000040,KR모터스,2024-02-22,2147
2,900100,애머릿지,2024-01-10,2150
13,060900,DGP,2024-02-27,2150
1,082660,코스나인,2020-09-29,2150
10,205500,액션스퀘어,2023-11-30,2150
9,019490,하이트론,2023-11-07,2165
0,424140,케이비제21호스팩,2023-06-07,2170
19,063440,SM Life Design,2024-01-10,2175
21,126640,화신정공,2023-06-07,2185
20,023460,CNH,2023-11-01,2185
6,083660,CSA 코스믹,2023-05-26,2190
0,445360,비엔케이제1호스팩,2023-04-14,2195
13,017550,수산중공업,2024-03-05,2205
0,454640,하나29호스팩,2024-02-21,2205
22,024890,대원화성,2024-03-12,2210
16,086960,MDS테크,2024-02-23,2215
1,058220,아리온,2019-09-20,2217
1,446750,하나26호스팩,2024-02-20,2220
19,048830,엔피케이,2023-06-20,2220
19,018470,조일알미늄,2024-02-20,2220
0,458610,한국제12호스팩,2024-01-31,2220
18,109960,에이프로젠 H&G,2023-08-10,2225
5,033790,스카이문스테크놀로지,2023-04-06,2230
10,014790,HL D&I,2024-02-01,2230
21,332290,누보,2024-01-18,2245
4,406760,하나금융21호스팩,2024-02-07,2245
19,033170,시그네틱스,2024-02-22,2245
16,246690,TS인베스트먼트,2023-02-08,2250
21,019010,베뉴지,2024-03-15,2255
15,226440,한송네오텍,2021-12-28,2265
14,097780,에코볼트,2023-04-10,2270
18,034940,조아제약,2023-09-26,2270
13,005390,신성통상,2023-08-25,2295
11,095910,에스에너지,2023-12-08,2300
6,436610,한국제11호스팩,2024-01-30,2300
20,032080,아즈텍WB,2023-09-22,2300
9,009460,한창제지,2022-02-11,2305
2,442310,대신밸런스제14호스팩,2024-01-18,2305
14,046390,삼화네트웍스,2024-01-25,2310
16,000180,성창기업지주,2024-02-21,2320
0,438220,대신밸런스제13호스팩,2023-11-14,2320
4,386580,한화플러스제2호스팩,2023-06-07,2335
8,215790,이노인스트루먼트,2023-06-20,2340
0,413600,키움제6호스팩,2022-09-23,2345
18,033130,디지틀조선,2023-11-22,2350
22,061250,화일약품,2023-09-06,2350
21,189980,흥국에프엔비,2024-01-05,2350
19,234100,폴라리스세원,2024-03-04,2350
13,019685,대교우B,2023-12-04,2350
0,456440,DB금융스팩11호,2024-01-23,2360
8,018000,유니슨,2023-06-08,2364
15,024840,KBI메탈,2023-04-20,2365
16,196700,웹스,2023-11-22,2380
14,065530,와이어블,2024-01-15,2390
22,012860,모베이스전자,2024-02-05,2390
8,066360,체리부로,2021-06-04,2392
10,019660,글로본,2023-09-04,2395
9,036000,예림당,2022-11-21,2400
4,430230,하나금융24호스팩,2024-01-15,2400
21,303030,지니틱스,2024-02-26,2400
27,027580,상보,2024-01-29,2415
3,458320,KB제26호스팩,2024-03-12,2425
10,168330,내츄럴엔도텍,2024-01-10,2430
19,004415,서울식품우,2023-12-01,2435
18,009200,무림페이퍼,2024-02-01,2450
25,023790,동일철강,2023-12-19,2450
0,388800,유진스팩7호,2022-03-21,2450
12,050760,에스폴리텍,2023-11-23,2465
1,440790,교보13호스팩,2023-07-06,2470
17,096630,에스코넥,2023-07-25,2475
10,310870,디와이씨,2023-02-06,2475
17,024810,이화전기,2023-04-21,2480
17,070590,한솔인티큐브,2024-02-01,2490
24,215380,우정바이오,2024-02-05,2490
21,289080,SV인베스트먼트,2023-10-06,2490
17,024800,유성티엔에스,2024-02-02,2490
0,448760,IBKS제22호스팩,2023-08-08,2495
15,131180,딜리,2022-02-10,2500
12,256630,포인트엔지니어링,2023-01-16,2500
15,053950,경남제약,2023-11-08,2515
2,084440,유비온,2023-06-22,2520
16,011930,신성이엔지,2024-03-13,2525
2,052770,아이톡시,2023-06-16,2525
15,022220,TKG애강,2022-04-04,2530
15,023960,에쓰씨엔지니어링,2023-09-20,2535
12,299170,더블유에스아이,2023-02-28,2540
12,016100,리더스코스메틱,2024-02-14,2550
6,419540,비스토스,2024-03-18,2570
16,008700,아남전자,2023-02-10,2575
14,012200,계양전기,2022-07-22,2576
15,012340,뉴인텍,2023-05-04,2588
2,435870,에스케이증권제8호스팩,2023-07-13,2590
7,067390,아스트,2024-01-03,2605
22,004270,남성,2023-11-17,2605
21,052670,제일바이오,2023-06-05,2605
11,412930,미래에셋비전스팩1호,2023-12-08,2610
10,369370,블리츠웨이,2023-11-23,2610
5,217620,디딤이앤에프,2020-11-09,2610
15,373200,하인크코리아,2023-02-08,2610
19,004770,써니전자,2023-12-12,2620
14,227610,아우딘퓨쳐스,2023-11-15,2625
9,016090,대현,2022-11-25,2630
18,017040,광명전기,2024-03-05,2640
20,013520,화승코퍼레이션,2023-11-09,2650
16,081580,성우전자,2024-02-07,2660
15,339950,아이비김영,2024-02-22,2665
3,365590,하이딥,2021-07-08,2666
18,002690,동일제강,2023-02-15,2670
15,092600,앤씨앤,2024-02-23,2675
21,006345,대원전선우,2024-03-15,2685
11,095190,이엠코리아,2024-02-15,2685
15,024910,경창산업,2024-01-03,2685
20,017180,명문제약,2023-12-06,2685
16,001360,삼성제약,2024-01-05,2690
20,011300,성안,2023-04-13,2700
21,025880,케이씨피드,2024-01-18,2725
20,056700,신화인터텍,2024-02-22,2735
15,075130,플랜티넷,2024-01-23,2740
0,137940,넥스트아이,2019-03-29,2745
13,078150,HB테크놀러지,2024-01-23,2760
16,255220,SG,2024-03-15,2765
18,008350,남선알미늄,2023-12-08,2770
17,242040,나무기술,2024-01-16,2770
0,083470,이엠앤아이,2023-12-19,2780
20,254120,자비스,2024-03-12,2790
11,142760,비엘,2024-03-14,2800
10,269620,시스웍,2021-07-14,2820
30,113810,디젠스,2023-05-16,2820
22,065440,이루온,2023-06-19,2825
19,069640,한세엠케이,2023-12-19,2830
11,005880,대한해운,2024-01-15,2830
11,129260,인터지스,2024-01-17,2840
21,001515,SK증권우,2023-12-06,2850
17,060480,국일신동,2024-02-15,2850
25,037330,인지디스플레,2024-02-15,2850
11,073190,듀오백,2023-10-25,2850
6,091970,나노캠텍,2021-01-19,2860
12,060380,동양에스텍,2023-06-23,2875
10,198440,고려시멘트,2023-04-04,2890
15,002220,한일철강,2024-01-30,2890
9,222420,쎄노텍,2021-02-26,2895
13,053060,세동,2023-07-06,2900
9,043090,엑서지21,2023-04-24,2900
15,095720,웅진씽크빅,2023-11-16,2900
16,046970,우리로,2023-08-28,2905
14,003475,유안타증권우,2024-01-11,2910
12,067830,세이브존I&C,2024-02-02,2915
22,024740,한일단조,2023-10-30,2920
4,003460,유화증권,2022-05-12,2920
16,002410,범양건영,2023-12-11,2930
17,090410,덕신하우징,2023-06-29,2935
9,071460,위니아,2022-12-07,2940
9,062970,피피아이,2024-01-11,2950
12,019680,대교,2023-12-13,2960
13,066430,와이오엠,2022-04-11,2961
10,071850,캐스텍코리아,2023-05-22,2980
10,017510,세명전기,2024-03-05,2985
5,089230,THE E&M,2024-02-29,2995
12,003520,영진약품,2023-09-05,2995
17,084680,이월드,2024-01-11,3000
16,060230,소니드,2024-02-21,3000
19,049480,오픈베이스,2023-10-11,3005
18,205100,엑셈,2024-01-10,3010
19,207760,미스터블루,2024-01-25,3015
17,042510,라온시큐어,2023-08-04,3020
17,017900,광전자,2024-01-10,3030
15,004140,동방,2024-01-16,3040
13,039420,케이엘넷,2024-01-15,3055
17,073540,에프알텍,2023-06-27,3055
16,002880,대유에이텍,2023-06-01,3070
18,064090,웨스트라이즈,2024-02-26,3070
11,100700,세운메디칼,2023-12-01,3080
22,001810,무림SP,2023-02-28,3100
0,003465,유화증권우,2020-06-19,3100
10,198080,엔피디,2024-02-22,3105
21,050860,아세아텍,2023-04-21,3105
6,015260,에이엔피,2022-04-05,3120
0,357430,마스턴프리미어리츠,2024-03-12,3125
16,098660,에스티오,2023-02-13,3130
13,222810,세토피아,2024-01-23,3135
7,331380,포커스에이치엔에스,2023-07-05,3145
19,306620,네온테크,2024-01-10,3145
20,001250,GS글로벌,2024-02-29,3150
22,039980,폴라리스AI,2024-03-07,3155
8,002820,SUN&L,2024-01-16,3170
22,053270,구영테크,2024-03-08,3170
10,347740,피엔케이피부임상연구센타,2024-03-07,3170
9,033250,체시스,2020-07-02,3172
9,094860,네오리진,2023-04-17,3175
7,217730,강스템바이오텍,2023-06-01,3175
15,024070,WISCOM,2023-04-26,3180
20,014190,원익큐브,2023-12-26,3185
20,025890,한국주강,2023-11-17,3185
3,009810,플레이그램,2019-06-17,3187
22,067770,세진티에스,2023-11-17,3190
22,009180,한솔로지스틱스,2024-01-15,3205
18,047770,코데즈컴바인,2023-04-21,3235
18,048870,시너지이노베이션,2024-01-11,3255
10,070300,엑스큐어,2023-11-23,3260
17,106240,파인테크닉스,2023-02-14,3260
3,080530,코디,2021-07-15,3260
15,169330,엠브레인,2023-11-27,3260
14,340440,세림B&G,2023-04-21,3265
23,089150,케이씨티,2024-02-08,3270
18,050120,ES큐브,2024-02-20,3270
11,011330,유니켐,2023-08-14,3290
15,131100,티엔엔터테인먼트,2023-12-14,3290
10,351320,에스에이티이엔지,2024-01-09,3290
18,012690,모나리자,2024-01-03,3295
10,002920,유성기업,2023-05-08,3300
18,138070,신진에스엠,2023-11-30,3310
19,043360,디지아이,2023-11-07,3310
7,900140,엘브이엠씨홀딩스,2023-06-19,3320
31,011150,CJ씨푸드,2023-12-28,3330
12,009580,무림P&P,2024-02-01,3340
19,039240,경남스틸,2024-03-19,3340
8,003470,유안타증권,2023-02-02,3340
14,037230,한국팩키지,2023-03-02,3350
9,069330,유아이디,2022-02-14,3350
12,011090,에넥스,2021-11-08,3360
19,037030,파워넷,2024-02-19,3375
14,004920,씨아이테크,2023-07-06,3375
24,005360,모나미,2023-12-15,3375
19,333430,일승,2024-01-15,3385
21,014940,오리엔탈정공,2024-02-29,3395
15,039020,이건홀딩스,2023-11-01,3395
28,025440,DH오토웨어,2023-06-12,3400
19,214270,FSN,2024-02-01,3400
13,003080,성보화학,2023-11-07,3420
2,161570,THE MIDONG,2020-09-29,3425
10,089530,에이티세미콘,2022-03-15,3425
12,042110,에스씨디,2021-07-19,3425
0,419050,삼기이브이,2024-01-11,3430
17,008420,문배철강,2024-01-30,3440
6,039310,세중,2023-02-09,3450
22,052220,iMBC,2024-03-11,3450
11,344860,이노진,2024-01-17,3450
17,115160,휴맥스,2024-01-12,3455
17,035810,이지홀딩스,2023-04-21,3455
19,205470,휴마시스,2023-08-04,3470
15,175250,아이큐어,2024-01-18,3470
17,014100,메디앙스,2023-12-15,3480
12,143210,핸즈코퍼레이션,2023-11-15,3485
23,321260,프로이천,2024-01-10,3495
16,004255,NPC우,2023-12-22,3500
6,070960,용평리조트,2023-08-14,3500
10,045060,오공,2023-05-26,3500
13,036580,팜스코,2023-12-20,3505
15,060540,에스에이티,2023-12-15,3510
5,007980,태평양물산,2021-10-22,3520
16,057540,옴니시스템,2021-07-16,3521
7,117670,알파홀딩스,2022-06-03,3540
12,201490,미투온,2023-12-08,3540
25,114450,그린생명과학,2023-05-24,3543
8,000400,롯데손해보험,2024-02-14,3545
9,391710,코닉오토메이션,2024-01-11,3545
14,208140,정다운,2022-04-26,3550
26,082850,우리바이오,2023-12-27,3555
8,004150,한솔홀딩스,2023-02-17,3565
8,382480,지아이텍,2024-03-12,3565
17,010040,한국내화,2023-11-15,3570
9,099520,ITX-AI,2020-10-13,3572
11,154040,다산솔루에타,2023-05-09,3580
2,377220,프롬바이오,2024-03-13,3580
16,091340,S&K폴리텍,2023-12-04,3600
8,288980,모아데이타,2023-09-21,3600
2,002355,넥센타이어1우B,2022-04-21,3610
19,047080,한빛소프트,2024-01-24,3615
15,066590,우수AMS,2024-02-19,3615
6,408920,메쎄이상,2023-06-21,3625
12,002200,한국수출포장,2023-11-21,3630
19,082800,비보존 제약,2024-02-21,3630
6,013120,동원개발,2023-11-27,3635
14,046940,우원개발,2023-11-03,3645
21,217500,러셀,2024-01-25,3650
16,322780,코퍼스코리아,2022-12-01,3665
26,004540,깨끗한나라,2024-01-19,3670
19,006910,보성파워텍,2023-12-12,3675
21,018700,바른손,2022-12-09,3685
7,187660,에이디엠코리아,2024-03-11,3690
12,033560,블루콤,2024-01-18,3690
9,084870,TBH글로벌,2021-09-10,3690
11,100130,동국S&C,2024-01-16,3705
12,067290,JW신약,2022-11-30,3707
6,088350,한화생명,2021-10-06,3720
14,021080,에이티넘인베스트,2023-12-28,3725
13,011280,태림포장,2024-02-20,3725
18,065950,웰크론,2023-07-17,3735
18,177830,파버나인,2024-03-18,3750
11,204020,그리티,2022-04-25,3760
17,080000,에스엔유,2024-01-26,3760
11,063760,이엘피,2023-12-22,3765
8,010960,삼호개발,2023-11-24,3770
23,001790,대한제당,2023-12-11,3775
11,099410,동방선기,2023-06-07,3775
5,332370,아이디피,2024-02-16,3780
11,067000,조이시티,2024-01-24,3800
16,091810,티웨이항공,2023-04-20,3800
15,071090,하이스틸,2024-01-30,3825
3,032790,엠젠솔루션,2023-08-29,3828
18,060570,드림어스컴퍼니,2024-01-19,3835
8,023000,삼원강재,2023-04-17,3840
7,006060,화승인더,2023-11-08,3840
2,223310,커머스마이너,2023-06-20,3845
14,353810,이지바이오,2024-03-11,3850
9,263020,디케이앤디,2023-04-28,3850
21,093230,이아이디,2023-04-20,3860
13,003480,한진중공업홀딩스,2023-10-16,3865
9,058450,엔터파트너즈,2023-12-13,3865
20,087260,모바일어플라이언스,2023-10-17,3880
11,007280,한국특강,2022-04-07,3900
24,130500,GH신소재,2023-06-09,3900
15,080420,모다이노칩,2023-03-07,3910
4,010170,대한광통신,2021-06-30,3930
20,058860,KTis,2023-09-18,3935
20,035460,기산텔레콤,2023-06-29,3945
14,009440,KC그린홀딩스,2023-11-15,3950
10,133820,화인베스틸,2022-01-24,3960
28,075970,동국알앤에스,2023-12-18,3960
13,038460,바이오스마트,2024-03-11,3965
27,001795,대한제당우,2023-12-11,3965
8,045390,대아티아이,2023-11-23,3970
10,005750,대림B&Co,2024-02-20,3980
4,376290,씨유테크,2024-01-25,3980
10,005725,넥센우,2022-05-26,3985
23,010820,퍼스텍,2024-01-17,3990
26,189690,포시에스,2023-07-03,3990
17,119500,포메탈,2024-01-17,4000
19,109820,진매트릭스,2023-12-05,4000
10,388790,라이콤,2023-09-22,4000
19,090370,메타랩스,2023-06-09,4015
20,073010,케이에스피,2024-02-29,4020
14,088910,동우팜투테이블,2022-04-26,4030
0,348080,큐라티스,2023-10-12,4030
19,035200,프럼파스트,2023-12-20,4040
12,900290,GRT,2024-01-04,4060
12,123330,제닉,2024-03-08,4080
7,226340,본느,2021-05-28,4085
13,036710,심텍홀딩스,2023-12-11,4090
13,026040,제이에스티나,2023-01-12,4095
11,203650,드림시큐리티,2023-03-10,4100
5,413630,유진스팩8호,2024-03-15,4100
8,298060,에스씨엠생명과학,2023-12-26,4100
16,130740,티피씨글로벌,2023-03-03,4100
24,002140,고려산업,2024-01-18,4100
19,090710,휴림로봇,2024-01-19,4107
12,302550,리메드,2023-12-26,4120
16,278650,HLB바이오스텝,2024-01-29,4130
17,066910,손오공,2021-04-06,4135
12,154030,아시아종묘,2023-06-29,4140
20,036690,코맥스,2023-09-04,4150
18,014200,광림,2022-04-07,4150
16,203450,유니온커뮤니티,2023-12-15,4155
10,100250,진양홀딩스,2022-06-10,4155
7,069460,대호에이엘,2022-02-17,4160
5,286750,나노브릭,2021-11-29,4164
20,239340,줌인터넷,2023-10-13,4165
8,051630,진양화학,2023-06-12,4175
14,093380,풍강,2024-02-02,4175
18,011420,갤럭시아에스엠,2023-02-01,4180
22,310200,애니플러스,2024-03-11,4185
10,101330,모베이스,2023-08-18,4190
8,291650,압타머사이언스,2024-02-06,4190
13,041650,상신브레이크,2024-02-01,4220
9,208340,파멥신,2023-06-19,4225
16,019180,티에이치엔,2024-02-28,4230
21,058850,KTcs,2024-01-19,4230
14,085910,네오티스,2023-12-19,4250
1,162300,신스틸,2024-01-31,4250
8,027410,BGF,2024-02-02,4260
8,009410,태영건설,2023-10-04,4265
15,014440,영보화학,2023-11-24,4270
6,094800,맵스리얼티1,2023-12-19,4275
16,347000,센코,2024-01-30,4275
16,340360,다보링크,2024-02-26,4280
24,067010,이씨에스,2024-01-18,4280
6,396300,세아메카닉스,2024-03-08,4280
19,016740,두올,2024-02-05,4285
1,365550,ESR켄달스퀘어리츠,2024-03-06,4310
9,031310,아이즈비전,2022-05-09,4320
7,332570,와이팜,2024-02-15,4320
21,024850,HLB이노베이션,2024-02-07,4330
16,241820,피씨엘,2023-11-30,4335
16,018680,서울제약,2023-11-27,4350
9,023410,유진기업,2024-03-15,4355
11,33637K,솔루스첨단소재1우,2023-12-11,4360
7,290380,대유,2022-12-08,4370
7,348950,제이알글로벌리츠,2023-12-01,4375
17,096870,엘디티,2023-04-05,4380
8,083790,CG인바이츠,2024-03-18,4385
9,032940,원익,2024-02-05,4385
14,134580,탑코미디어,2023-12-15,4395
26,072130,유엔젤,2024-01-03,4400
8,006570,대림통상,2023-06-08,4405
25,036120,SCI평가정보,2023-07-13,4425
20,054540,삼영엠텍,2023-12-12,4425
12,127710,아시아경제,2022-02-16,4440
1,45226K,한화갤러리아우,2024-01-02,4450
18,127120,디엔에이링크,2023-09-08,4450
1,425290,삼성스팩6호,2023-02-17,4450
10,121440,골프존뉴딘홀딩스,2024-02-01,4450
9,078940,퀀타피아,2023-07-04,4450
8,007210,벽산,2022-04-13,4450
22,067730,로지시스,2023-10-11,4455
1,058530,파나케이아,2020-01-23,4470
9,088800,에이스테크,2023-09-20,4475
10,290520,신도기연,2023-12-18,4475
23,014470,부방,2023-11-21,4480
12,140520,대창스틸,2021-06-07,4485
19,122690,서진오토모티브,2023-08-17,4490
14,066900,디에이피,2023-07-14,4490
10,101680,한국정밀기계,2024-01-05,4500
9,140910,에이리츠,2023-12-22,4500
10,215480,토박스코리아,2023-12-21,4500
10,006805,미래에셋증권우,2023-02-02,4525
22,025530,SJM홀딩스,2024-02-07,4530
19,320000,윈텍,2024-03-06,4540
20,086980,쇼박스,2024-02-28,4545
14,048470,대동스틸,2023-12-28,4550
19,123700,SJM,2024-02-08,4550
7,049800,우진플라임,2023-07-05,4550
13,039560,다산네트웍스,2024-01-11,4555
15,037560,LG헬로비전,2024-01-17,4565
11,299900,위지윅스튜디오,2023-12-13,4570
23,060310,3S,2024-01-12,4570
13,031330,에스에이엠티,2022-04-08,4570
18,234300,에스트래픽,2024-01-31,4570
2,361570,알비더블유,2024-02-20,4575
13,057680,티사이언티픽,2022-04-12,4575
26,067570,엔브이에이치코리아,2023-05-12,4578
15,014970,삼륭물산,2024-01-15,4580
12,075180,새론오토모티브,2024-01-02,4600
10,066700,테라젠이텍스,2024-02-28,4615
16,900250,크리스탈신소재,2023-05-15,4620
20,051380,피씨디렉트,2023-05-30,4625
10,179530,애드바이오텍,2024-01-05,4640
16,010770,평화홀딩스,2023-05-16,4645
17,033310,엠투엔,2023-11-28,4645
12,140070,서플러스글로벌,2024-01-03,4650
6,450140,코오롱모빌리티그룹,2024-02-26,4650
21,009160,SIMPAC,2023-12-15,4655
1,377740,바이오노트,2024-02-01,4665
10,043610,지니뮤직,2023-05-18,4670
17,008370,원풍,2024-03-05,4675
20,214610,미코바이오메드,2023-09-18,4678
24,289010,아이스크림에듀,2024-02-06,4695
8,147830,제룡산업,2023-11-27,4695
16,033540,파라텍,2024-01-02,4696
8,047040,대우건설,2023-07-18,4705
27,045300,성우테크론,2023-12-13,4706
18,290270,휴네시온,2024-01-10,4715
26,225220,제놀루션,2024-02-05,4715
20,025550,한국선재,2023-04-14,4725
9,030210,다올투자증권,2023-11-14,4725
10,001200,유진투자증권,2024-02-22,4725
14,187420,제노포커스,2024-01-08,4735
13,054920,한컴위드,2024-01-10,4745
23,086060,진바이오텍,2024-02-01,4745
10,258610,케일럼,2023-05-04,4755
32,025820,이구산업,2024-03-15,4760
19,004590,한국가구,2023-06-29,4765
18,241520,DSC인베스트먼트,2024-03-11,4770
26,052460,아이크래프트,2024-01-09,4800
26,064820,케이프,2024-02-29,4820
10,001380,SG글로벌,2021-04-05,4820
12,037350,성도이엔지,2023-07-03,4820
9,067170,오텍,2024-02-15,4820
0,417180,핑거스토리,2024-01-24,4830
16,263770,유에스티,2023-04-06,4840
1,285800,진영,2024-01-31,4850
0,318160,셀바이오휴먼텍,2024-03-13,4865
16,092300,현우산업,2024-01-02,4870
0,432320,KB스타리츠,2023-01-25,4880
12,037400,우리엔터프라이즈,2021-04-13,4885
19,307180,아이엘사이언스,2023-08-01,4885
13,185490,아이진,2023-12-21,4895
17,097230,HJ중공업,2023-07-04,4900
22,006920,모헨즈,2024-02-26,4905
15,119850,지엔씨에너지,2024-01-10,4920
7,030530,원익홀딩스,2024-02-05,4925
8,041960,코미팜,2024-03-05,4925
13,051390,YW,2022-04-04,4930
20,136480,하림,2022-04-27,4955
19,033200,모아텍,2024-02-28,4975
14,027050,코리아나,2023-08-18,4975
10,158430,아톤,2023-12-04,4980
27,003530,한화투자증권,2024-02-15,4980
9,092440,기신정기,2022-02-22,4980
0,271830,팸텍,2024-01-31,4990
4,078020,이베스트투자증권,2024-01-19,4990
18,291230,엔피,2024-01-10,4995
2,419270,신영스팩7호,2024-01-15,5000
19,021040,대호특수강,2023-12-13,5000
22,222980,한국맥널티,2024-01-12,5000
21,019770,서연탑메탈,2024-02-02,5000
18,128820,대성산업,2023-10-19,5000
12,013870,지엠비코리아,2024-01-02,5000
6,307870,비투엔,2021-11-19,5010
4,357230,에이치피오,2024-02-21,5060
14,035610,솔본,2024-01-31,5070
10,378850,화승알앤에이,2024-02-05,5080
20,048770,TPC,2024-01-25,5090
0,010600,웰바이오텍,2019-07-01,5100
18,368770,파이버프로,2023-06-29,5100
9,123570,이엠넷,2023-07-10,5100
13,024120,KB오토시스,2023-11-09,5100
19,011230,삼화전자,2024-01-24,5100
20,053050,지에스이,2023-05-09,5100
12,121850,코이즈,2022-06-03,5104
15,124560,태웅로직스,2024-01-15,5120
21,028080,휴맥스홀딩스,2024-02-01,5130
5,068940,셀피글로벌,2022-08-16,5130
10,004780,대륙제관,2023-01-18,5140
8,206400,베노티앤알,2023-08-29,5150
18,122350,삼기,2022-09-13,5150
28,003280,흥아해운,2024-01-15,5170
6,228340,동양파일,2022-11-08,5170
24,126600,BGF에코머티리얼즈,2024-01-22,5170
13,319400,현대무벡스,2023-04-20,5170
11,009190,대양금속,2022-06-15,5180
13,058730,다스코,2023-06-19,5180
24,004100,태양금속,2023-12-01,5230
9,016450,한세예스24홀딩스,2023-05-31,5230
0,198940,한주라이트메탈,2023-10-27,5240
14,079000,와토스코리아,2024-01-15,5240
20,109610,에스와이,2024-03-15,5240
25,099440,스맥,2024-01-12,5240
4,244920,에이플러스에셋,2023-05-04,5250
16,015860,일진홀딩스,2023-04-04,5260
15,046210,HLB파나진,2024-01-29,5260
26,053280,예스24,2024-01-22,5260
18,069140,누리플랜,2023-05-17,5263
0,395400,SK리츠,2023-05-31,5263
14,238090,앤디포스,2023-11-28,5270
13,012610,경인양행,2023-05-08,5290
14,001780,알루코,2022-01-17,5300
13,080520,오디텍,2023-12-28,5300
13,105550,트루윈,2021-09-10,5325
7,004440,삼일씨엔에스,2024-01-12,5330
12,009070,KCTC,2024-01-15,5350
26,128540,에코캡,2023-03-07,5380
8,347770,핌스,2024-01-26,5380
11,083550,케이엠,2023-09-21,5406
3,338100,NH프라임리츠,2021-06-29,5410
8,950170,JTC,2022-10-18,5410
16,008470,부스타,2023-08-22,5420
1,365900,브이씨,2024-01-05,5420
13,072470,우리산업홀딩스,2023-07-06,5430
19,104200,NHN벅스,2023-12-19,5460
9,053350,이니텍,2023-02-09,5460
16,101240,씨큐브,2024-01-23,5480
21,001840,이화공영,2023-07-20,5490
18,100660,서암기계공업,2024-02-13,5490
11,950110,SBI핀테크솔루션즈,2023-11-14,5490
11,195500,마니커에프앤지,2023-08-23,5500
13,089470,HDC현대EP,2024-03-04,5500
16,187270,신화콘텍,2023-12-15,5500
8,347700,라이프시맨틱스,2023-09-06,5508
15,001420,태원물산,2023-10-04,5510
0,309960,LB인베스트먼트,2023-11-22,5510
10,372910,한컴라이프케어,2024-01-19,5530
22,064260,다날,2023-12-07,5530
5,334970,프레스티지바이오로직스,2023-07-19,5540
17,004310,현대약품,2023-02-13,5550
18,076080,웰크론한텍,2023-07-24,5550
12,299660,셀리드,2024-01-11,5560
15,033320,제이씨현시스템,2023-10-19,5560
28,029480,광무,2024-02-20,5560
15,059210,메타바이오메드,2024-02-26,5570
31,014530,극동유화,2023-10-18,5570
13,011320,유니크,2024-01-05,5580
20,053300,한국정보인증,2023-12-04,5590
13,208350,지란지교시큐리티,2023-05-03,5590
6,009730,코센,2024-01-22,5600
15,284620,카이노스메드,2023-12-18,5600
22,005860,한일사료,2024-01-17,5600
23,000680,LS네트웍스,2024-03-15,5640
14,015710,코콤,2024-01-10,5640
8,000370,한화손해보험,2024-02-01,5640
18,041460,한국전자인증,2023-12-21,5650
7,126560,현대퓨처넷,2021-03-16,5670
13,220180,핸디소프트,2022-07-26,5690
15,241690,유니테크노,2024-01-08,5700
12,317530,캐리소프트,2023-12-21,5700
7,183490,엔지켐생명과학,2022-08-18,5700
22,013810,스페코,2024-01-19,5700
10,312610,에이에프더블류,2022-09-22,5700
14,123750,알톤스포츠,2023-04-07,5710
17,009780,엠에스씨,2024-01-17,5710
14,109740,디에스케이,2024-03-05,5720
12,038500,삼표시멘트,2022-01-05,5720
20,039740,한국정보공학,2023-02-09,5740
15,019540,일지테크,2023-08-16,5740
13,225530,보광산업,2024-02-27,5770
8,102260,동성케미컬,2023-08-21,5770
8,007610,선도전기,2021-10-01,5770
9,052860,아이앤씨,2021-01-15,5780
23,215100,로보로보,2024-01-18,5780
25,081150,티플랙스,2023-08-21,5790
4,096760,JW홀딩스,2020-09-01,5792
15,238200,비피도,2024-03-15,5800
7,331920,셀레믹스,2024-01-10,5800
21,039860,나노엔텍,2024-02-20,5810
6,002230,피에스텍,2021-11-23,5840
25,052600,한네트,2023-10-04,5850
22,323280,태성,2024-01-23,5870
5,417500,제이아이테크,2024-01-25,5870
18,004250,NPC,2023-12-20,5870
15,017480,삼현철강,2023-06-27,5880
17,142280,녹십자엠에스,2023-12-06,5880
14,026940,부국철강,2022-03-23,5880
19,133750,메가엠디,2021-12-16,5880
10,155660,DSR,2023-06-13,5900
13,038950,파인디지털,2023-06-28,5920
20,080720,한국유니온제약,2023-12-06,5930
2,352940,인바이오,2023-11-08,5940
29,218150,미래생명자원,2024-01-17,5940
9,030790,비케이탑스,2022-01-04,5950
19,036640,HRS,2024-03-06,5960
10,376180,피코그램,2023-12-26,5970
26,267320,나인테크,2023-08-22,5970
16,049520,유아이엘,2024-01-30,5970
5,069540,라이트론,2023-08-30,5980
19,171010,램테크놀러지,2023-12-22,5990
14,049550,잉크테크,2023-05-09,6050
16,226400,오스테오닉,2024-01-09,6050
11,021320,KCC건설,2023-11-16,6050
17,317690,퀀타매트릭스,2024-01-03,6080
27,128660,피제이메탈,2023-06-19,6090
19,100590,머큐리,2024-02-27,6100
11,038680,에스넷,2023-06-09,6100
15,033920,무학,2023-10-04,6100
7,200470,에이팩트,2021-09-17,6137
23,263810,상신전자,2024-01-24,6140
18,014710,사조씨푸드,2023-05-24,6140
17,003010,혜인,2024-02-26,6140
17,071200,인피니트헬스케어,2024-02-16,6160
20,005010,휴스틸,2024-02-02,6170
20,238120,얼라인드,2023-10-13,6175
23,084650,랩지노믹스,2023-08-09,6180
3,350520,이지스레지던스리츠,2022-04-18,6180
15,017000,신원종합개발,2023-07-10,6190
14,046120,오르비텍,2023-08-28,6190
16,023350,한국종합기술,2023-12-22,6190
13,950200,소마젠,2024-01-09,6200
16,053700,삼보모터스,2024-02-02,6230
24,002785,진흥기업우B,2022-12-02,6240
17,237750,피앤씨테크,2023-11-16,6240
16,322180,티라유텍,2024-01-16,6240
2,330590,롯데리츠,2021-06-03,6250
14,013720,CBI,2022-12-13,6250
24,057030,YBM넷,2023-12-13,6260
26,033230,인성정보,2024-02-19,6280
22,000430,대원강업,2024-01-17,6290
22,003720,삼영,2023-08-24,6300
26,123410,코리아에프티,2024-02-14,6300
11,092780,동양피스톤,2023-09-19,6300
23,053290,NE능률,2024-02-06,6300
18,045340,토탈소프트,2024-03-19,6310
4,053210,스카이라이프,2023-12-19,6320
11,131030,옵투스제약,2024-02-29,6340
10,078130,국일제지,2021-09-28,6340
30,053260,금강철강,2024-01-30,6350
15,005670,푸드웰,2022-12-15,6350
4,335810,프리시젼바이오,2024-02-16,6350
13,075580,세진중공업,2024-02-27,6400
27,024900,덕양산업,2023-12-14,6400
11,093190,빅솔론,2023-12-18,6420
0,378800,샤페론,2023-09-08,6420
7,080010,이상네트웍스,2023-12-22,6420
7,085620,미래에셋생명,2024-02-01,6420
7,058820,CMG제약,2020-12-09,6450
10,006620,동구바이오제약,2024-01-24,6460
17,250060,모비스,2024-02-15,6480
16,007370,진양제약,2023-11-08,6490
20,197140,디지캡,2024-03-12,6490
16,012700,리드코프,2023-10-19,6490
21,032750,삼진,2024-01-05,6500
20,066790,씨씨에스,2024-02-21,6530
6,330730,스톤브릿지벤처스,2023-12-20,6530
16,033530,세종공업,2023-12-21,6550
17,072950,빛샘전자,2024-01-10,6550
14,086890,이수앱지스,2024-03-12,6590
20,000540,흥국화재,2024-02-14,6600
14,151910,SBW생명과학,2022-04-04,6600
7,016590,신대양제지,2024-02-06,6620
6,005710,대원산업,2024-01-29,6640
16,053980,오상자이엘,2023-07-06,6642
22,003680,한성기업,2023-06-13,6650
22,066670,디스플레이텍,2023-12-18,6650
20,020120,키다리스튜디오,2023-12-21,6660
16,005740,크라운해태홀딩스,2024-02-26,6680
8,290120,DH오토리드,2023-06-01,6690
9,019210,와이지-원,2024-01-08,6710
2,366030,공구우먼,2024-01-30,6750
7,217480,에스디생명공학,2021-07-13,6750
20,036030,케이티알파,2023-12-13,6750
15,056090,이노시스,2022-02-18,6760
18,051490,나라엠앤디,2024-02-15,6770
8,005960,동부건설,2023-12-01,6800
17,007590,동방아그로,2023-11-08,6800
9,068930,디지털대성,2024-02-02,6810
9,000700,유수홀딩스,2024-01-15,6840
14,221840,하이즈항공,2022-05-02,6850
22,044960,이글벳,2023-10-23,6850
12,007820,에스엠코어,2024-03-13,6870
12,317120,라닉스,2023-02-23,6900
11,024950,삼천리자전거,2024-01-31,6900
16,270520,지오릿에너지,2023-04-07,6903
8,190650,코리아에셋투자증권,2023-12-04,6920
16,005690,파미셀,2024-03-18,6930
20,263800,데이타솔루션,2024-01-30,6940
12,069730,DSR제강,2022-04-28,6970
10,012205,계양전기우,2022-07-22,6989
25,001525,동양우,2023-11-22,6990
5,084990,헬릭스미스,2023-12-07,6990
1,368970,오에스피,2023-12-12,6990
9,008060,대덕,2023-07-19,7020
5,262840,아이퀘스트,2024-01-30,7040
26,000910,유니온,2023-12-05,7040
12,039610,화성밸브,2023-05-17,7050
20,010640,진양폴리,2024-03-14,7060
25,042500,링네트,2024-02-28,7080
13,307750,국전약품,2024-02-27,7080
16,004720,팜젠사이언스,2023-08-04,7080
8,021650,한국큐빅,2021-06-25,7090
2,044480,블레이드 Ent,2020-06-12,7120
15,050890,쏠리드,2024-01-15,7140
18,020710,시공테크,2023-11-28,7150
14,063570,한국전자금융,2024-01-11,7150
13,058110,멕아이씨에스,2022-12-21,7170
19,002420,세기상사,2024-02-05,7170
18,032620,유비케어,2024-02-22,7180
24,013990,아가방컴퍼니,2024-01-18,7180
18,041440,현대에버다임,2024-02-19,7190
16,086040,바이오톡스텍,2024-01-02,7200
17,100790,미래에셋벤처투자,2024-01-15,7200
23,101170,우림피티에스,2023-12-21,7200
23,065450,빅텍,2024-01-17,7230
11,260930,씨티케이,2023-07-24,7230
11,103230,에스앤더블류,2023-07-07,7230
20,094970,제이엠티,2024-03-07,7230
23,043650,국순당,2024-01-03,7230
6,035000,HS애드,2023-02-09,7250
20,037270,YG PLUS,2023-05-17,7250
2,215600,신라젠,2023-11-28,7260
1,180400,DXVX,2024-01-16,7280
7,004710,한솔테크닉스,2023-12-22,7290
22,023150,MH에탄올,2023-10-20,7300
9,049180,셀루메드,2023-04-18,7300
25,217820,원익피앤이,2024-02-15,7300
20,000220,유유제약,2023-12-07,7310
22,056360,코위버,2024-01-11,7330
6,093920,서원인텍,2023-03-06,7340
2,293940,신한알파리츠,2024-02-29,7350
11,040420,정상제이엘에스,2023-11-02,7360
21,006140,피제이전자,2023-12-11,7380
14,039340,한국경제TV,2023-08-28,7400
6,103840,우양,2020-12-16,7400
6,337930,브랜드엑스코퍼레이션,2023-01-16,7400
18,069410,엔텔스,2024-01-25,7410
18,263700,케어랩스,2024-02-19,7440
19,054410,케이피티유,2023-06-28,7460
7,393210,토마토시스템,2023-09-20,7460
18,200780,비씨월드제약,2024-03-12,7460
3,297890,HB솔루션,2021-07-29,7466
15,004840,DRB동일,2024-02-27,7470
16,260660,알리코제약,2023-08-21,7480
13,309930,오하임앤컴퍼니,2021-07-16,7480
1,45014K,코오롱모빌리티그룹우,2024-01-31,7500
17,032560,황금에스티,2024-01-31,7500
17,038870,에코바이오,2024-01-10,7520
3,222040,코스맥스엔비티,2022-04-26,7520
14,011040,경동제약,2023-10-25,7530
5,092190,서울바이오시스,2023-05-22,7550
18,189860,서전기전,2023-04-17,7550
16,002290,삼일기업공사,2022-03-25,7550
17,002210,동성제약,2023-11-07,7570
9,192390,윈하이텍,2021-07-13,7580
2,363280,티와이홀딩스,2023-12-08,7620
0,005720,넥센,2019-04-26,7630
20,024880,케이피에프,2023-02-23,7630
14,238490,힘스,2024-01-25,7640
8,053620,태양,2023-12-28,7650
11,214420,토니모리,2023-08-11,7680
19,003780,진양산업,2023-09-25,7700
13,134060,이퓨쳐,2023-06-22,7730
16,002800,신신제약,2024-02-21,7780
1,434480,모니터랩,2024-01-24,7780
13,014570,고려제약,2023-08-18,7790
5,004960,한신공영,2023-12-27,7800
11,039830,오로라,2023-12-21,7810
14,012790,신일제약,2023-12-05,7840
7,317400,자이에스앤디,2023-05-09,7870
6,155650,와이엠씨,2023-07-12,7870
15,003580,HLB글로벌,2024-02-08,7870
23,047400,유니온머티리얼,2023-05-04,7890
15,000970,한국주철관,2023-06-29,7890
26,100220,비상교육,2023-06-22,7890
5,115390,락앤락,2024-03-19,7890
2,383800,LX홀딩스,2024-02-01,7900
9,082210,옵트론텍,2022-06-09,7910
4,126880,제이엔케이히터,2022-11-16,7910
10,101530,해태제과식품,2022-12-15,7930
14,036540,SFA반도체,2021-11-22,7980
8,232140,와이아이케이,2021-02-05,8000
21,131220,대한과학,2023-03-23,8020
11,014280,금강공업,2022-11-22,8030
14,080470,성창오토텍,2023-02-17,8030
11,111710,남화산업,2023-09-22,8030
31,000545,흥국화재우,2024-03-19,8040
11,258830,세종메디칼,2022-07-18,8060
3,371950,풍원정밀,2024-01-18,8060
15,256940,케이피에스,2024-02-20,8060
3,148930,에이치와이티씨,2024-02-19,8060
10,122310,제노레이,2023-08-24,8060
18,078890,가온그룹,2024-02-13,8070
16,067920,이글루,2024-01-23,8080
8,066130,하츠,2023-02-06,8080
18,277070,린드먼아시아,2024-01-12,8130
22,010660,화천기계,2022-09-22,8150
8,046440,KG모빌리언스,2023-02-06,8150
14,009290,광동제약,2023-10-16,8150
12,090850,현대이지웰,2023-06-23,8160
18,130660,한전산업,2024-02-19,8180
2,352770,클리노믹스,2022-01-03,8199
7,182400,엔케이맥스,2024-01-03,8200
19,009415,태영건설우,2024-01-05,8220
18,014915,성문전자우,2023-11-30,8220
11,092460,한라IMS,2021-05-04,8233
10,267790,배럴,2023-11-02,8240
20,290740,액트로,2023-12-26,8270
10,130580,나이스디앤비,2023-03-02,8300
10,122990,와이솔,2023-12-14,8310
20,219420,링크제니시스,2024-01-31,8340
18,053450,세코닉스,2024-01-12,8360
18,054040,한국컴퓨터,2024-02-15,8380
9,339770,교촌에프앤비,2024-01-04,8410
4,137080,나래나노텍,2024-03-11,8420
9,252990,샘씨엔에스,2024-02-06,8430
7,010400,우진아이엔에스,2022-05-12,8430
19,077360,덕산하이메탈,2024-01-26,8430
11,159580,제로투세븐,2024-01-03,8440
25,030720,동원수산,2024-01-16,8450
0,377460,위니아에이드,2022-12-07,8450
24,025870,신라에스지,2024-01-25,8490
18,119830,아이텍,2024-01-08,8500
6,108230,톱텍,2024-02-16,8500
7,024720,한국콜마홀딩스,2024-03-13,8500
18,013570,디와이,2023-08-31,8520
14,054050,농우바이오,2024-02-20,8550
18,002720,국제약품,2021-08-26,8553
15,000390,삼화페인트,2024-03-19,8580
20,025860,남해화학,2023-12-08,8580
9,026910,광진실업,2022-01-05,8610
14,067900,와이엔텍,2024-01-15,8630
7,104700,한국철강,2023-02-21,8660
13,347890,엠투아이,2024-01-22,8660
18,139670,키네마스터,2024-02-21,8700
26,170030,현대공업,2024-01-15,8720
24,153460,네이블,2024-01-12,8730
0,405000,플라즈맵,2023-03-06,8750
4,354200,엔젠바이오,2023-09-14,8760
8,102370,케이옥션,2023-12-12,8800
9,376190,LB루셈,2024-01-25,8800
15,004910,조광페인트,2023-03-08,8810
16,027360,아주IB투자,2021-04-07,8820
22,014130,한익스프레스,2023-12-20,8820
12,054620,APS,2024-01-17,8850
5,300120,라온피플,2023-07-18,8860
22,032540,TJ미디어,2023-05-18,8860
6,028670,팬오션,2021-06-25,8880
19,015230,대창단조,2023-07-12,8900
6,008250,이건산업,2023-03-27,8900
6,042670,HD현대인프라코어,2024-02-05,8900
16,007680,대원,2023-02-17,8910
12,059100,아이컴포넌트,2022-04-19,8920
20,137950,제이씨케미칼,2023-12-22,8920
12,275630,에스에스알,2023-02-03,8980
17,003000,부광약품,2024-01-16,9000
19,115440,우리넷,2023-12-01,9000
9,222110,팬젠,2022-10-28,9000
4,045520,크린앤사이언스,2023-10-16,9000
14,039570,HDC랩스,2022-12-22,9020
5,244460,올리패스,2022-04-18,9030
4,115180,큐리언트,2023-04-21,9033
24,220260,켐트로스,2024-02-20,9040
7,079430,현대리바트,2024-01-25,9080
8,099430,바이오플러스,2023-08-16,9090
18,153710,옵티팜,2023-09-25,9110
33,006880,신송홀딩스,2024-01-15,9160
17,045970,코아시아,2024-02-22,9200
18,264900,크라운제과,2023-12-07,9210
10,010140,삼성중공업,2024-03-14,9210
31,264850,이랜시스,2024-02-16,9240
2,064520,테크엘,2023-04-07,9240
4,265740,엔에프씨,2024-02-21,9240
25,007815,코리아써우,2023-12-13,9260
2,361670,삼영에스앤씨,2023-03-20,9280
9,025980,아난티,2023-08-11,9290
25,115500,케이씨에스,2024-02-19,9300
9,065570,삼영이엔씨,2021-12-21,9300
22,083420,그린케미칼,2024-01-16,9300
2,091090,세원이앤씨,2020-12-07,9300
6,052710,아모텍,2024-02-15,9340
7,061970,LB세미콘,2023-03-30,9380
23,023770,플레이위드,2023-05-15,9390
17,002150,도화엔지니어링,2023-10-24,9400
11,060150,인선이엔티,2023-07-17,9430
10,064850,에프앤가이드,2023-09-20,9450
12,104620,노랑풍선,2024-01-26,9450
10,144960,뉴파워프라즈마,2021-09-23,9460
15,037460,삼지전자,2023-09-21,9470
13,187220,디티앤씨,2023-12-27,9480
4,024830,세원물산,2023-07-06,9490
10,148250,알엔투테크놀로지,2023-06-01,9490
6,348030,모비릭스,2024-01-29,9490
9,068050,팬엔터테인먼트,2021-03-24,9500
10,091700,파트론,2023-06-05,9500
1,296640,이노룰스,2024-01-05,9500
10,141000,비아트론,2024-01-04,9530
27,041020,폴라리스오피스,2024-01-22,9550
20,318000,KBG,2024-03-07,9550
21,00781K,코리아써키트2우B,2023-12-14,9550
17,032850,비트컴퓨터,2024-02-01,9550
17,097870,효성오앤비,2023-12-08,9570
18,004980,성신양회,2024-02-21,9590
9,049430,코메론,2024-02-29,9610
6,222160,NPX,2023-06-15,9620
15,091590,남화토건,2023-09-25,9630
16,308100,까스텔바작,2023-04-28,9660
16,006090,사조오양,2023-08-23,9680
12,000140,하이트진로홀딩스,2024-02-05,9680
21,005870,휴니드,2023-10-20,9700
13,054670,대한뉴팜,2023-09-12,9700
12,026150,특수건설,2023-06-13,9710
15,003380,하림지주,2023-12-20,9720
15,016380,KG스틸,2023-10-18,9770
14,023810,인팩,2024-03-13,9780
16,232830,시큐센,2023-06-30,9780
1,127980,화인써키트,2024-01-23,9790
8,256150,한독크린텍,2022-12-27,9790
6,029960,코엔텍,2022-08-09,9800
14,138490,코오롱플라스틱,2023-10-17,9800
9,040160,누리플렉스,2021-11-23,9830
20,042370,비츠로테크,2024-02-15,9840
12,335890,비올,2023-12-01,9840
9,105740,디케이락,2024-03-18,9850
11,094940,푸른기술,2024-01-16,9870
19,002900,TYM,2023-06-08,9870
4,357880,비트나인,2023-07-10,9870
8,039010,현대에이치티,2023-01-26,9880
7,139130,DGB금융지주,2024-02-01,9890
6,036670,KCI,2023-04-13,9900
7,025620,제이준코스메틱,2023-08-11,9910
8,088290,이원컴포텍,2022-11-02,9950
8,017650,대림제지,2023-04-24,9950
9,036200,유니셈,2024-03-12,9960
15,044450,KSS해운,2023-06-20,9970
1,092040,아미코젠,2023-06-07,9987
12,150900,파수,2023-06-28,10000
19,015890,태경산업,2023-08-23,10000
11,005990,매일홀딩스,2023-05-18,10010
0,033340,좋은사람들,2019-07-01,10042
2,368600,아이씨에이치,2023-02-22,10050
6,263050,유틸렉스,2022-08-25,10050
16,073110,엘엠에스,2022-09-21,10050
16,023800,인지컨트롤스,2024-02-15,10070
20,163560,동일고무벨트,2024-03-05,10080
5,236810,엔비티,2023-07-19,10100
9,232680,라온테크,2024-02-07,10140
4,150840,인트로메딕,2019-11-15,10161
7,077500,유니퀘스트,2024-01-24,10180
18,088130,동아엘텍,2024-03-14,10200
9,147760,피엠티,2021-08-12,10200
20,041920,메디아나,2023-11-20,10240
23,094840,슈프리마에이치큐,2024-01-23,10240
16,040300,YTN,2023-09-07,10250
1,196490,디에이테크놀로지,2020-08-06,10275
5,38380K,LX홀딩스1우,2023-12-07,10310
14,298690,에어부산,2021-09-24,10353
7,318010,팜스빌,2023-07-14,10380
21,307930,컴퍼니케이,2024-01-11,10380
4,377030,맥스트,2024-01-09,10390
14,301300,바이브컴퍼니,2024-01-09,10400
0,435620,하나금융25호스팩,2023-12-15,10400
9,241770,메카로,2024-01-17,10420
9,001140,국보,2023-05-25,10422
14,094850,참좋은여행,2023-08-11,10470
12,017370,우신시스템,2024-02-16,10480
28,064480,브리지텍,2024-01-23,10490
3,115570,스타플렉스,2019-10-23,10500
16,105840,우진,2024-01-24,10500
16,001540,안국약품,2023-12-21,10510
23,294630,서남,2024-02-20,10510
3,129920,대성하이텍,2023-10-13,10550
13,041910,에스텍파마,2024-03-11,10550
7,257720,실리콘투,2024-02-21,10560
11,079980,휴비스,2023-08-22,10600
17,015750,성우하이텍,2024-02-02,10620
14,206560,덱스터,2024-01-09,10620
17,001230,동국홀딩스,2024-02-02,10640
25,065370,위세아이텍,2024-01-15,10650
15,006660,삼성공조,2024-02-05,10650
9,003200,일신방직,2023-11-16,10680
23,014580,태경비케이,2023-04-04,10680
7,053580,웹케시,2024-02-22,10690
15,311390,네오크레마,2023-06-30,10690
2,221800,유투바이오,2023-11-02,10730
15,234920,자이글,2024-02-27,10750
12,317850,대모,2024-03-13,10790
25,083650,비에이치아이,2024-03-18,10810
10,012620,원일특강,2023-02-27,10860
6,005800,신영와코루,2023-11-08,10870
24,024940,PN풍년,2023-09-25,10880
6,367000,플래티어,2024-01-22,10890
0,006800,미래에셋증권,2021-05-10,10900
3,060850,영림원소프트랩,2024-01-19,10900
16,00806K,대덕1우,2023-12-04,10900
8,001260,남광토건,2023-05-24,10900
16,054210,이랜텍,2024-01-19,10930
1,261780,차백신연구소,2022-06-22,10950
3,377450,리파인,2023-01-09,10950
16,066310,큐에스아이,2024-01-15,11000
16,065130,탑엔지니어링,2023-08-17,11000
21,106190,하이텍팜,2023-09-11,11007
3,441270,파인엠텍,2024-01-24,11010
27,000225,유유제약1우,2023-12-08,11020
22,038070,서린바이오,2024-02-16,11050
19,041930,동아화성,2023-05-12,11060
1,139990,아주스틸,2023-02-21,11100
17,290720,푸드나무,2023-08-25,11100
16,005160,동국산업,2023-04-18,11100
8,052330,코텍,2023-02-06,11120
14,110020,전진바이오팜,2023-10-17,11140
14,263600,덕우전자,2024-01-02,11190
17,253840,수젠텍,2023-12-05,11200
7,122900,아이마켓코리아,2022-09-20,11200
12,078000,텔코웨어,2024-02-05,11200
0,438700,버넥트,2024-01-09,11250
16,261200,덴티스,2024-02-28,11270
15,052790,액토즈소프트,2024-03-19,11280
0,021820,세원정공,2019-04-19,11289
13,025770,한국정보통신,2023-12-05,11300
3,213500,한솔제지,2023-12-14,11300
13,090470,제이스텍,2023-03-10,11300
12,321550,티움바이오,2023-12-20,11340
6,044820,코스맥스비티아이,2023-08-29,11360
6,002350,넥센타이어,2021-06-29,11400
11,038010,제일테크노스,2021-04-02,11450
18,109080,옵티시스,2024-01-03,11470
16,186230,그린플러스,2024-02-22,11490
7,164060,이루다,2023-06-28,11530
3,148150,세경하이테크,2021-09-02,11545
13,246960,이노테라피,2022-08-29,11550
17,019990,에너토크,2023-04-20,11550
20,001440,대한전선,2024-03-14,11660
2,246250,에스엘에스바이오,2021-04-27,11700
21,317830,에스피시스템스,2024-01-12,11710
11,183190,아세아시멘트,2023-10-18,11720
5,071840,롯데하이마트,2023-10-23,11740
7,086710,선진뷰티사이언스,2023-08-10,11750
9,011560,세보엠이씨,2022-06-03,11750
0,106080,하이소닉,2023-03-28,11780
15,123690,한국화장품,2023-08-14,11790
20,049720,고려신용정보,2023-07-07,11820
4,054800,아이디스홀딩스,2024-02-02,11850
12,033290,코웰패션,2023-12-01,11850
18,021045,대호특수강우,2022-12-29,11850
10,095700,제넥신,2023-11-23,11870
20,050960,수산아이앤티,2023-10-04,11880
21,032685,소프트센우,2023-12-01,11890
13,005680,삼영전자,2024-02-01,11930
20,093640,케이알엠,2023-02-02,11950
4,018880,한온시스템,2022-09-08,11950
7,046890,서울반도체,2024-01-22,11960
13,054780,키이스트,2023-02-17,11980
11,041520,이라이콤,2023-07-28,12000
5,030190,NICE평가정보,2023-08-07,12000
22,246720,아스타,2023-09-18,12120
15,263690,디알젬,2023-09-26,12130
0,304360,에스바이오메딕스,2023-09-27,12130
21,078140,대봉엘에스,2024-03-11,12150
16,059090,미코,2024-03-12,12170
6,068790,DMS,2020-09-08,12200
14,034810,해성산업,2023-01-30,12210
14,33626L,두산퓨얼셀2우B,2023-09-11,12270
12,145210,다이나믹디자인,2023-04-18,12270
7,156100,엘앤케이바이오,2023-08-31,12270
13,004365,세방우,2023-03-06,12300
10,214390,경보제약,2021-12-27,12300
2,237820,플레이디,2021-03-30,12350
26,041190,우리기술투자,2024-03-05,12380
16,060240,룽투코리아,2022-04-06,12450
13,227840,현대코퍼레이션홀딩스,2023-06-23,12490
21,003160,디아이,2024-03-06,12500
26,117580,대성에너지,2024-01-15,12500
9,111110,호전실업,2022-04-01,12550
19,090350,노루페인트,2024-02-13,12580
5,356890,싸이버원,2023-08-29,12630
3,069510,에스텍,2020-12-29,12650
11,251370,와이엠티,2024-02-19,12680
23,017890,한국알콜,2024-02-14,12710
6,230360,에코마케팅,2024-03-19,12710
23,001390,KG케미칼,2023-04-19,12740
0,950220,네오이뮨텍,2021-10-19,12750
12,351330,이삭엔지니어링,2024-01-19,12760
15,072020,중앙백신,2023-10-27,12790
23,005745,크라운해태홀딩스우,2023-12-07,12800
25,014285,금강공업우,2023-06-19,12810
22,060370,LS마린솔루션,2023-12-13,12890
10,104540,코렌텍,2024-01-08,12900
21,265560,영화테크,2023-02-28,12900
5,348150,고바이오랩,2023-09-08,12940
3,000520,삼일제약,2020-08-06,12942
11,35320K,대덕전자1우,2023-12-13,12950
16,017810,풀무원,2023-06-14,12990
20,062860,티엘아이,2022-05-26,13000
3,03481K,해성산업1우,2023-12-11,13000
13,004650,창해에탄올,2023-02-20,13030
22,950130,엑세스바이오,2023-09-14,13050
7,228850,레이언스,2022-12-02,13050
13,221980,케이디켐,2024-01-18,13050
22,002620,제일파마홀딩스,2023-11-23,13060
5,094280,효성ITX,2023-10-04,13110
24,039290,인포뱅크,2024-01-11,13120
10,203400,에이비온,2022-05-23,13150
10,049960,쎌바이오텍,2024-03-18,13150
10,33637L,솔루스첨단소재2우B,2023-12-12,13160
24,001527,동양2우B,2023-11-23,13190
8,089790,제이티,2020-11-25,13200
3,419120,산돌,2024-01-26,13250
1,376980,원티드랩,2023-11-22,13250
4,111870,KH 전자,2022-04-04,13290
6,412350,레이저쎌,2024-01-30,13300
14,293780,압타바이오,2023-08-17,13330
15,114810,한솔아이원스,2024-03-12,13350
3,372800,아이티아이즈,2023-05-26,13380
15,085670,뉴프렉스,2024-01-29,13380
22,208370,셀바스헬스케어,2023-03-22,13382
15,330350,위더스제약,2023-10-11,13400
2,411080,샌즈랩,2024-01-24,13400
16,136540,윈스,2024-01-25,13410
17,131370,알서포트,2021-07-09,13450
16,058630,엠게임,2022-04-06,13450
12,105330,케이엔더블유,2023-08-21,13470
5,043370,피에이치에이,2021-02-03,13500
18,264660,씨앤지하이테크,2024-02-08,13500
19,059120,아진엑스텍,2024-03-18,13510
6,078070,유비쿼스홀딩스,2024-02-27,13510
1,065560,녹원씨엔아이,2021-03-10,13600
35,26490K,크라운제과우,2023-12-07,13650
20,067080,대화제약,2024-03-08,13670
15,001560,제일연마,2022-03-30,13700
5,168360,펨트론,2024-01-24,13700
5,234690,녹십자웰빙,2021-10-18,13700
15,025320,시노펙스,2024-03-14,13720
16,256840,한국비엔씨,2022-07-14,13750
2,088980,맥쿼리인프라,2023-06-12,13758
14,002100,경농,2023-11-09,13760
3,004970,신라교역,2022-04-25,13800
21,077970,STX엔진,2024-03-14,13800
16,212560,네오오토,2023-12-21,13800
6,078160,메디포스트,2023-07-12,13809
25,008830,대동기어,2023-12-26,13880
9,101390,아이엠,2023-06-19,13890
4,108380,대양전기공업,2023-06-28,13900
13,071970,STX중공업,2021-05-04,13900
8,035600,KG이니시스,2023-12-06,13910
11,089140,넥스턴바이오,2023-04-11,13930
20,048430,유라테크,2023-06-29,14000
29,079170,한창산업,2023-10-17,14000
18,094820,일진파워,2024-03-18,14030
22,001340,백광산업,2023-06-13,14070
10,035510,신세계 I&C,2024-01-30,14090
6,311320,지오엘리먼트,2024-02-29,14100
19,071670,에이테크솔루션,2023-09-05,14150
27,094480,갤럭시아머니트리,2023-12-05,14170
0,429270,시지트로닉스,2024-01-25,14220
18,033160,엠케이전자,2024-01-25,14220
13,217270,넵튠,2023-09-04,14240
24,204210,스타리츠,2023-11-29,14260
9,004360,세방,2024-02-07,14290
23,004830,덕성,2024-02-16,14310
7,002990,금호건설,2021-06-08,14350
14,048910,대원미디어,2024-01-24,14370
13,293480,하나제약,2024-01-02,14400
15,170790,파이오링크,2024-03-05,14440
10,023900,풍국주정,2023-12-12,14470
25,004985,성신양회우,2023-12-01,14480
7,950210,프레스티지바이오파마,2023-07-19,14500
8,255440,야스,2023-04-05,14500
17,010690,화신,2023-12-21,14500
2,099390,브레인즈컴퍼니,2023-02-02,14560
13,101930,인화정공,2023-02-17,14590
21,000145,하이트진로홀딩스우,2023-12-07,14590
12,020560,아시아나항공,2024-02-14,14610
9,010240,흥국,2021-06-30,14650
23,020400,대동금속,2023-12-28,14650
29,004105,태양금속우,2023-12-06,14650
0,407400,꿈비,2024-01-03,14700
25,007330,푸른저축은행,2024-02-05,14710
5,204270,제이앤티씨,2024-03-06,14740
3,432430,와이랩,2024-02-21,14790
6,33626K,두산퓨얼셀1우,2022-05-06,14800
7,106520,노블엠앤비,2021-01-26,14811
8,084010,대한제강,2023-02-21,14850
18,037440,희림,2022-11-04,14850
4,352910,오비고,2023-03-02,14860
18,226330,신테카바이오,2023-12-26,14880
8,214180,헥토이노베이션,2023-12-26,14900
6,950190,고스트스튜디오,2024-01-25,14900
5,297090,씨에스베어링,2023-06-26,14910
15,078520,에이블씨엔씨,2023-09-18,14930
15,175140,인포마크,2023-08-16,14980
10,009680,모토닉,2021-01-07,15000
9,122450,KX,2021-06-25,15000
16,000320,노루홀딩스,2024-02-08,15100
23,222080,씨아이에스,2024-03-11,15110
2,318410,비비씨,2022-04-29,15150
8,225190,삼양옵틱스,2022-07-05,15150
5,115450,HLB테라퓨틱스,2020-12-30,15208
10,016790,카나리아바이오,2022-06-23,15223
9,302430,이노메트리,2024-03-12,15260
20,006370,대구백화점,2023-11-15,15280
11,084670,동양고속,2024-01-31,15300
1,199820,제일전기공업,2023-06-29,15320
0,340810,씨유박스,2023-09-20,15330
14,060590,씨티씨바이오,2023-08-21,15340
19,028100,동아지질,2024-01-31,15430
1,358570,지아이이노베이션,2023-08-14,15481
14,060250,NHN KCP,2024-02-20,15600
4,012630,HDC,2021-05-11,15600
3,003300,한일홀딩스,2022-02-25,15650
28,003535,한화투자증권우,2023-12-07,15650
7,016580,환인제약,2023-12-06,15700
21,001755,한양증권우,2024-01-11,15700
18,005950,이수화학,2024-02-26,15760
13,179290,엠아이텍,2023-04-04,15770
18,002025,코오롱우,2023-12-01,15780
17,060720,KH바텍,2024-03-11,15790
16,068240,다원시스,2024-01-15,15861
14,032190,다우데이타,2024-01-30,15880
11,274090,켄코아에어로스페이스,2024-01-18,15900
18,036560,영풍정밀,2023-07-27,15940
16,006890,태경케미컬,2023-06-19,16000
12,327260,RF머트리얼즈,2023-07-04,16000
23,006220,제주은행,2024-02-01,16050
13,138080,오이솔루션,2024-01-15,16130
16,000760,이화산업,2024-03-19,16180
13,217190,제너셈,2024-01-24,16200
15,023600,삼보판지,2021-11-23,16200
22,000230,일동홀딩스,2023-09-12,16200
3,314930,바이오다인,2024-02-28,16210
10,036890,진성티이씨,2023-07-12,16230
17,049830,승일,2022-12-06,16250
3,288330,브릿지바이오테라퓨틱스,2021-12-15,16250
25,045660,에이텍,2024-01-02,16250
6,072870,메가스터디,2021-04-14,16300
5,112290,와이씨켐,2024-02-23,16340
8,072990,에이치시티,2021-12-17,16351
14,004080,신흥,2023-02-14,16370
11,340930,유일에너테크,2024-03-19,16390
11,313760,윌링스,2022-06-07,16400
7,347860,알체라,2023-08-01,16400
6,333620,엔시스,2023-06-15,16400
14,136490,선진,2022-04-26,16500
14,011000,진원생명과학,2022-07-15,16500
1,289220,자이언트스텝,2024-01-09,16520
26,002787,진흥기업2우B,2022-12-02,16550
12,163730,핑거,2023-12-04,16630
12,268600,셀리버리,2023-02-01,16630
4,001500,현대차증권,2021-01-11,16750
11,215360,우리산업,2024-02-16,16770
4,304840,피플바이오,2023-01-06,16770
21,093370,후성,2023-03-29,16787
20,000087,하이트진로2우B,2023-12-12,16820
15,089970,에이피티씨,2024-03-14,16820
11,159010,아스플로,2023-07-17,16900
27,224110,에이텍모빌리티,2024-01-02,16900
8,003620,KG모빌리티,2023-04-28,16940
4,239610,에이치엘사이언스,2023-11-14,16980
6,00088K,한화3우B,2021-09-06,17000
15,084690,대상홀딩스,2023-12-07,17080
10,36328K,티와이홀딩스우,2023-12-08,17090
8,067370,선바이오,2023-04-18,17090
13,102460,이연제약,2024-01-05,17150
18,246710,티앤알바이오팹,2023-03-07,17250
29,151860,KG ETS,2023-08-30,17280
15,251630,브이원텍,2023-09-05,17330
18,161580,필옵틱스,2024-03-13,17380
20,277880,티에스아이,2023-04-19,17400
7,336370,솔루스첨단소재,2024-01-08,17410
13,082270,젬백스,2023-05-26,17440
0,308080,바이젠셀,2022-06-09,17450
12,203690,스피어파워,2022-01-06,17475
13,311690,CJ 바이오사이언스,2024-01-02,17500
5,397030,에이프릴바이오,2024-03-11,17500
19,009300,삼아제약,2023-12-07,17510
19,063170,서울옥션,2023-12-04,17550
5,303530,이노뎁,2024-02-20,17560
10,045100,한양이엔지,2024-02-08,17720
9,000050,경방,2022-04-26,17750
19,101730,위메이드맥스,2023-12-12,17760
15,003070,코오롱글로벌,2023-10-24,17770
20,131400,이브이첨단소재,2023-04-19,17780
13,138580,비즈니스온,2023-12-21,17800
10,148780,비플라이소프트,2022-04-08,17850
11,149950,아바텍,2023-03-28,17850
7,241790,오션브릿지,2021-12-23,17900
7,026890,스틱인베스트먼트,2021-10-14,17900
19,083930,아바코,2024-03-14,17910
19,173130,오파스넷,2023-08-23,17943
16,225570,넥슨게임즈,2024-02-02,17950
34,024060,흥구석유,2023-10-18,17970
16,086390,유니테스트,2024-03-12,17980
15,189330,씨이랩,2024-03-15,18090
23,007770,한일화학,2024-01-22,18100
2,035250,강원랜드,2024-02-19,18100
8,069080,웹젠,2023-12-15,18230
16,001550,조비,2023-07-17,18260
9,272550,삼양패키징,2023-08-14,18380
12,119860,커넥트웨이브,2023-12-27,18440
8,290550,디케이티,2021-08-17,18450
13,264450,유비쿼스,2023-10-12,18500
18,034020,두산에너빌리티,2024-03-14,18500
21,103590,일진전기,2024-03-18,18500
23,211270,AP위성,2024-01-03,18520
8,257370,피엔티엠에스,2020-09-22,18550
5,308170,씨티알모빌리티,2023-02-28,18620
22,118990,모트렉스,2023-12-28,18650
7,279600,미디어젠,2021-12-27,18700
22,008110,대동전자,2022-08-19,18750
10,053030,바이넥스,2022-04-07,18800
13,089850,유비벨록스,2024-03-19,18840
10,361390,제노코,2024-01-03,18850
1,276040,스코넥,2023-02-02,18860
15,036480,대성미생물,2023-10-24,18880
17,035080,그래디언트,2024-03-11,18900
13,002020,코오롱,2024-02-02,18980
0,282720,금양그린파워,2023-09-18,18980
5,220100,퓨쳐켐,2021-08-31,19000
7,288620,에스퓨얼셀,2023-12-21,19000
3,092130,이크레더블,2022-12-26,19050
15,007860,서연,2021-11-05,19150
19,007575,일양약품우,2023-12-06,19200
21,271980,제일약품,2023-12-05,19240
7,417840,저스템,2024-02-27,19240
7,000490,대동,2022-05-03,19250
10,044490,태웅,2024-03-18,19300
15,091580,상신이디피,2024-03-08,19320
16,217330,싸이토젠,2023-08-31,19330
32,004090,한국석유,2023-10-16,19370
2,003547,대신증권2우B,2021-09-13,19400
13,214870,뉴지랩파마,2020-05-15,19450
0,001800,오리온홀딩스,2019-11-04,19450
6,348350,위드텍,2023-08-22,19450
18,003220,대원제약,2023-11-22,19490
21,005820,원림,2024-02-23,19500
13,013580,계룡건설,2023-06-19,19570
0,240600,유진테크놀로지,2024-02-20,19580
15,140670,알에스오토메이션,2024-03-19,19720
9,032500,케이엠더블유,2024-01-16,19740
3,040910,아이씨디,2021-02-16,19850
14,226320,잇츠한불,2023-08-18,19870
1,192650,드림텍,2020-08-03,19896
0,294140,레몬,2020-08-20,19921
18,259630,엠플러스,2023-09-06,20000
4,032960,동일기연,2021-05-21,20202
10,125210,아모그린텍,2023-04-19,20300
24,004380,삼익THK,2024-02-21,20300
28,000227,유유제약2우B,2023-12-08,20350
18,010470,오리콤,2023-04-14,20350
19,089890,코세스,2024-01-25,20350
6,216050,인크로스,2023-02-08,20400
7,382840,원준,2023-12-27,20400
4,114840,아이패밀리에스씨,2024-02-15,20404
20,355150,코스텍시스,2023-08-03,20600
2,37550K,DL이앤씨우,2024-02-01,20600
8,037070,파세코,2021-07-19,20622
7,357580,아모센스,2023-08-22,20700
6,194700,노바렉스,2022-08-18,20700
18,174900,앱클론,2024-03-07,20700
11,000020,동화약품,2021-10-07,20800
0,950160,코오롱티슈진,2022-10-25,20850
5,417970,모델솔루션,2024-01-26,20900
4,272210,한화시스템,2021-03-31,20922
3,095270,웨이브일렉트로,2020-03-04,20995
18,019170,신풍제약,2023-08-01,21000
11,194370,제이에스코퍼레이션,2024-02-16,21250
18,190510,나무가,2024-01-26,21300
17,099750,이지케어텍,2024-02-16,21400
11,123420,위메이드플레이,2023-02-21,21400
9,080160,모두투어,2023-01-18,21400
17,079940,가비아,2024-03-13,21450
8,007700,F&F홀딩스,2024-02-02,21500
7,160980,싸이맥스,2022-03-28,21500
28,120240,대정화금,2024-02-21,21500
3,034310,NICE,2020-12-28,21500
7,020000,한섬,2024-02-07,21650
10,023160,태광,2023-07-12,21650
5,067630,HLB생명과학,2019-10-24,21689
12,004560,현대비앤지스틸,2022-03-08,21700
7,096240,크레버스,2023-09-14,21700
14,057880,피에이치씨,2022-02-03,21860
2,389140,포바이포,2023-02-08,21900
11,052400,코나아이,2023-09-19,21900
11,065710,서호전기,2023-08-07,21950
11,052020,에스티큐브,2023-04-05,21950
12,100030,인지소프트,2024-01-11,22000
18,051370,인터플렉스,2024-01-30,22050
15,250000,보라티알,2021-06-18,22100
16,007810,코리아써키트,2023-07-17,22150
18,206640,바디텍메드,2023-12-20,22150
11,019440,세아특수강,2023-02-27,22200
18,267290,경동도시가스,2023-10-20,22200
4,229000,젠큐릭스,2021-05-25,22220
4,081000,일진다이아,2023-03-14,22300
6,192400,쿠쿠홀딩스,2023-08-30,22300
8,262260,에이프로,2023-07-20,22500
10,007570,일양약품,2022-12-13,22500
4,000240,한국앤컴퍼니,2021-02-03,22600
7,247660,나노씨엠에스,2023-08-10,22700
0,448710,코츠테크놀로지,2024-03-11,22750
9,084730,팅크웨어,2021-12-22,22800
10,080580,오킨스전자,2023-03-02,22800
7,085660,차바이오텍,2023-09-11,22850
14,001680,대상,2023-12-07,22900
26,095500,미래나노텍,2024-02-28,23000
8,003850,보령,2021-04-30,23008
4,284740,쿠쿠홈시스,2024-03-14,23100
12,069260,TKG휴켐스,2023-12-19,23100
2,382900,범한퓨얼셀,2023-12-28,23100
15,011200,HMM,2023-12-21,23100
10,086820,바이오솔루션,2023-12-21,23100
10,272110,케이엔제이,2024-01-05,23150
19,200880,서연이화,2024-02-02,23150
7,089980,상아프론테크,2023-12-21,23350
7,033640,네패스,2023-07-17,23500
17,004545,깨끗한나라우,2023-02-24,23500
22,001770,SHD,2024-01-12,23550
24,196300,애니젠,2023-09-01,23650
0,443250,레뷰코퍼레이션,2024-01-12,23700
10,079370,제우스,2024-01-22,23700
9,224060,더코디,2022-05-19,23762
7,079160,CJ CGV,2021-05-31,23825
3,00279K,아모레G3우(전환),2023-08-10,23900
2,036530,SNT홀딩스,2021-06-08,23950
6,095610,테스,2023-07-17,24000
2,234080,JW생명과학,2020-12-21,24000
10,098460,고영,2024-02-23,24050
9,005500,삼진제약,2023-09-06,24100
9,053080,케이엔솔,2024-03-12,24150
9,166480,코아스템켐온,2021-08-09,24200
12,200350,래몽래인,2024-03-14,24400
17,249420,일동제약,2023-09-07,24450
16,083310,엘오티베큠,2024-02-23,24450
7,126720,수산인더스트리,2024-03-19,24500
7,143160,아이디스,2024-01-05,24600
2,089590,제주항공,2019-12-18,24625
14,023590,다우기술,2024-02-13,24650
13,066620,국보디자인,2022-04-11,24750
13,015760,한국전력,2024-02-26,24950
3,030000,제일기획,2022-10-27,24950
3,294570,쿠콘,2024-01-30,24950
0,451220,아이엠티,2024-01-25,25000
6,226950,올릭스,2023-09-06,25200
6,265520,AP시스템,2023-12-15,25250
26,100840,SNT에너지,2024-02-01,25400
20,007390,네이처셀,2023-04-06,25500
59,260970,에스앤디,2024-03-07,25500
1,254490,미래반도체,2023-12-19,25500
10,079960,동양이엔피,2021-09-13,25550
4,273640,와이엠텍,2023-04-19,25650
13,009770,삼정펄프,2024-02-06,26100
4,214320,이노션,2022-05-11,26249
8,094170,동운아나텍,2024-01-26,26250
12,089010,켐트로닉스,2024-03-13,26250
16,034300,신세계건설,2023-02-01,26300
8,065660,안트로젠,2023-02-20,26300
10,104460,디와이피엔에프,2023-12-13,26400
9,084110,휴온스글로벌,2024-02-14,26500
13,000950,전방,2024-01-31,26600
10,089600,나스미디어,2023-07-10,26650
14,036810,에프에스티,2023-12-04,26800
34,011500,한농화성,2024-03-12,26950
10,239890,피엔에이치테크,2024-01-09,27050
12,138610,나이벡,2022-09-01,27050
13,034590,인천도시가스,2023-10-16,27100
0,272450,진에어,2019-04-15,27143
16,230240,에치에프알,2023-08-17,27400
1,001270,부국증권,2021-04-07,27450
8,174880,장원테크,2021-07-20,27450
10,110790,크리스에프앤씨,2022-12-07,27500
9,051500,CJ프레시웨이,2024-02-05,27500
11,018310,삼목에스폼,2024-03-07,27500
10,108675,LX하우시스우,2023-12-12,27650
18,001430,세아베스틸지주,2023-11-24,27700
20,006980,우성,2023-05-11,27800
16,108860,셀바스AI,2023-08-01,27850
28,003495,대한항공우,2023-12-07,27950
3,235980,메드팩토,2023-04-14,28029
11,052260,현대바이오랜드,2021-02-09,28050
29,000440,중앙에너비스,2023-10-18,28200
10,123860,아나패스,2024-01-25,28300
27,003075,코오롱글로벌우,2023-09-04,28300
13,298380,에이비엘바이오,2024-03-06,28400
27,025950,동신건설,2024-01-03,28450
1,089860,롯데렌탈,2023-12-15,28650
11,216080,제테마,2023-07-21,28650
12,002795,아모레G우,2020-07-03,28900
21,003120,일성신약,2023-12-07,29000
3,092730,네오팜,2024-01-10,29100
8,236200,슈프리마,2024-01-22,29150
19,042660,한화오션,2024-03-18,29200
12,032300,한국파마,2023-12-08,29200
6,036800,나이스정보통신,2022-09-07,29400
8,026960,동서,2022-05-30,29400
13,042520,한스바이오메드,2023-07-10,29500
13,251970,펌텍코리아,2023-08-09,29700
13,009470,삼화전기,2023-05-03,29700
11,182360,큐브엔터,2021-11-15,29800
11,101160,월덱스,2023-09-15,29800
8,321820,와이더플래닛,2023-12-21,29850
12,038290,마크로젠,2023-06-27,29900
6,120115,코오롱인더우,2023-06-22,29900
31,004835,덕성우,2023-12-01,29900
20,002995,금호건설우,2023-01-05,29950
18,068290,삼성출판사,2024-02-06,29950
1,417860,오브젠,2024-01-09,30150
6,241840,에이스토리,2023-03-09,30250
12,322000,HD현대에너지솔루션,2023-12-15,30350
19,009835,한화솔루션우,2023-12-15,30400
3,084850,아이티엠반도체,2023-12-26,30500
3,044340,위닉스,2020-01-28,30500
36,011155,CJ씨푸드1우,2023-12-07,30550
13,036460,한국가스공사,2024-02-19,30600
16,092870,엑시콘,2024-03-12,30600
14,096530,씨젠,2024-01-29,30600
28,18064K,한진칼우,2023-12-07,31000
3,378340,필에너지,2024-03-12,31200
18,063160,종근당바이오,2023-03-03,31200
11,038390,레드캡투어,2021-05-10,31300
5,191420,테고사이언스,2021-07-14,31300
0,294090,이오플로우,2021-10-27,31366
9,065680,우주일렉트로,2022-05-23,31450
16,214260,라파스,2023-08-09,31450
5,000860,강남제비스코,2021-12-29,31450
4,073490,이노와이어리스,2024-01-15,31450
5,092070,디엔에프,2021-07-28,31750
10,100090,SK오션플랜트,2022-08-19,31750
17,002240,고려제강,2023-08-16,31800
15,053160,프리엠스,2021-04-09,31900
7,008490,서흥,2023-09-04,32100
20,009140,경인전자,2024-01-12,32200
9,000880,한화,2024-02-02,32200
9,356860,티엘비,2023-12-22,32250
5,036190,금화피에스시,2023-05-17,32300
21,28513K,SK케미칼우,2024-01-03,32450
16,005810,풍산홀딩스,2024-03-07,32500
19,009520,포스코엠텍,2023-12-28,32500
1,418470,밀리의서재,2024-01-18,32650
0,248070,솔루엠,2021-07-19,32750
22,001685,대상우,2023-12-14,32850
1,450520,인스웨이브시스템즈,2024-01-18,32850
19,281740,레이크머티리얼즈,2024-03-11,33100
8,024090,디씨엠,2022-04-22,33150
23,248170,샘표식품,2024-01-12,33200
1,271940,일진하이솔루스,2023-06-22,33350
23,042420,네오위즈홀딩스,2023-12-06,33450
11,018120,진로발효,2022-02-07,33500
6,002320,한진,2022-04-14,33800
8,086450,동국제약,2020-07-24,34033
9,097520,엠씨넥스,2023-03-08,34200
6,003490,대한항공,2021-09-23,34350
14,064350,현대로템,2024-02-22,34500
18,006125,SK디스커버리우,2023-07-21,34550
17,134790,시디즈,2024-02-26,34800
18,108490,로보티즈,2024-01-12,35500
2,388720,유일로보틱스,2023-03-17,35750
12,014825,동원시스템즈우,2023-04-17,35800
12,304100,솔트룩스,2024-01-08,35900
5,003350,한국화장품제조,2021-10-25,35900
12,034120,SBS,2023-12-28,35950
6,001450,현대해상,2024-02-01,36150
10,003090,대웅,2022-01-14,36250
3,002790,아모레G,2023-08-10,36400
17,121800,비덴트,2021-11-26,36450
10,323990,박셀바이오,2023-08-31,36483
1,381970,케이카,2022-03-28,36550
19,005850,에스엘,2023-12-20,36550
9,060980,HL홀딩스,2024-02-05,36750
9,192440,슈피겐코리아,2024-02-02,36750
4,002390,한독,2020-12-21,36800
0,389260,대명에너지,2022-09-01,37000
25,019175,신풍제약우,2023-07-28,37000
0,234340,헥토파이낸셜,2021-01-12,37300
4,003560,IHQ,2022-11-22,37366
17,115310,인포바인,2023-05-09,37400
28,005965,동부건설우,2023-05-24,37400
4,298540,더네이쳐홀딩스,2022-02-23,37700
16,090360,로보스타,2024-01-12,37700
14,004450,삼화왕관,2024-01-31,37800
10,267850,아시아나IDT,2020-11-17,37878
7,049070,인탑스,2024-01-16,38050
11,263720,디앤씨미디어,2022-04-14,38300
24,054450,텔레칩스,2024-02-16,38550
22,317330,덕산테코피아,2024-03-04,38650
3,102710,이엔에프테크놀로지,2021-08-09,38750
1,376300,디어유,2024-02-22,38900
7,003800,에이스침대,2023-06-27,39100
1,009900,명신산업,2021-08-11,39250
24,005257,녹십자홀딩스2우,2023-12-06,39250
13,051600,한전KPS,2024-02-19,39500
17,007660,이수페타시스,2024-03-05,39500
18,099190,아이센스,2023-07-19,39550
5,037710,광주신세계,2022-03-11,39600
17,048410,현대바이오,2023-06-13,39750
6,370090,퓨런티어,2023-09-12,39800
8,003960,사조대림,2022-04-26,39800
5,015360,예스코홀딩스,2022-06-13,40000
7,023450,동남합성,2023-12-15,40000
6,377480,마음AI,2023-08-30,40250
10,000500,가온전선,2021-06-03,40279
10,078935,GS우,2021-05-11,40700
16,036930,주성엔지니어링,2024-02-28,40750
6,006040,동원산업,2024-01-16,40850
16,000885,한화우,2023-12-01,41050
7,178920,PI첨단소재,2023-06-29,41150
9,039440,에스티아이,2024-03-11,41200
16,000850,화천기공,2024-03-18,41650
10,214430,아이쓰리시스템,2024-03-19,41800
6,425420,티에프이,2024-03-08,41950
19,00499K,롯데지주우,2024-02-01,41950
0,006840,AK홀딩스,2019-11-07,42050
13,001120,LX인터내셔널,2023-07-24,42100
6,330860,네패스아크,2024-02-22,42650
2,109070,주성코퍼레이션,2019-12-13,42780
6,016800,퍼시스,2022-06-13,42900
0,372320,큐로셀,2024-03-07,43000
12,008500,일정실업,2022-01-03,43400
10,200670,휴메딕스,2023-08-10,43450
23,058610,에스피지,2023-09-07,43550
2,375500,DL이앤씨,2024-02-01,43800
7,000720,현대건설,2023-06-26,44400
6,241710,코스메카코리아,2024-02-22,44400
2,004990,롯데지주,2020-05-04,44600
3,004020,현대제철,2022-04-21,44850
6,000215,DL우,2022-06-13,44850
1,007070,GS리테일,2020-05-14,44900
10,029530,신도리코,2024-02-16,45200
6,100120,뷰웍스,2022-01-03,45650
12,282880,코윈테크,2023-07-25,45666
5,210120,빅텐츠,2023-08-17,45700
8,067280,멀티캠퍼스,2023-03-29,46150
13,007160,사조산업,2024-02-20,46200
2,043150,바텍,2021-08-11,46500
18,009420,한올바이오파마,2023-12-27,46750
7,033180,KH 필룩스,2022-04-06,46950
12,145995,삼양사우,2022-04-20,47300
2,195940,HK이노엔,2024-01-03,47450
3,023910,대한약품,2020-09-08,47700
9,005290,동진쎄미켐,2022-05-23,47700
4,389500,에스비비테크,2024-01-16,47750
23,171090,선익시스템,2024-03-14,47750
3,010780,아이에스동서,2023-02-17,48300
5,348340,뉴로메카,2024-01-12,48400
8,285490,노바텍,2021-04-23,48742
15,099320,쎄트렉아이,2023-02-10,48800
17,008730,율촌화학,2024-02-20,48850
7,344820,KCC글라스,2023-05-04,49200
6,210980,SK디앤디,2021-01-07,49300
15,008775,호텔신라우,2024-02-05,49500
28,008355,남선알미우,2023-12-14,50100
7,017800,현대엘리베이,2023-08-23,50400
13,071055,한국금융지주우,2024-02-19,50500
12,102940,코오롱생명과학,2022-10-25,50600
9,272290,이녹스첨단소재,2023-07-20,50900
9,071320,지역난방공사,2024-02-26,51300
14,103140,풍산,2024-03-07,51300
14,049950,미래컴퍼니,2023-07-28,51500
17,054930,유신,2023-09-19,51600
11,243070,휴온스,2021-12-28,51800
23,200710,에이디테크놀로지,2024-03-08,52200
12,145990,삼양사,2023-05-09,52300
3,025000,KPX케미칼,2022-12-14,52700
0,355390,크라우드웍스,2024-02-20,52800
13,095660,네오위즈,2023-06-09,53000
11,126340,비나텍,2024-01-24,53400
23,008930,한미사이언스,2024-01-17,53900
11,286940,롯데정보통신,2024-01-26,53900
7,281820,케이씨텍,2024-03-08,54100
12,063080,컴투스홀딩스,2023-02-16,54600
17,053610,프로텍,2024-03-05,54800
13,001070,대한방직,2023-06-13,54800
3,084370,유진테크,2021-11-22,54900
8,039840,디오,2021-07-19,55000
19,088390,이녹스,2023-04-10,55000
14,243840,신흥에스이씨,2023-07-24,55000
5,017670,SK텔레콤,2024-03-14,55200
28,007540,샘표,2024-01-12,55300
9,042000,카페24,2021-08-09,56600
14,206650,유바이오로직스,2021-09-23,56600
7,187870,디바이스이엔지,2020-12-17,57000
9,007690,국도화학,2023-06-26,57300
8,253450,스튜디오드래곤,2023-11-08,58000
12,120110,코오롱인더,2023-06-22,58700
12,267270,HD현대건설기계,2024-02-05,58700
26,030960,양지사,2022-09-21,58700
14,014820,동원시스템즈,2023-04-17,59200
39,084695,대상홀딩스우,2023-12-08,59600
4,161890,한국콜마,2023-08-11,59600
0,377300,카카오페이,2024-01-11,60200
7,047810,한국항공우주,2023-04-20,60600
5,033270,유나이티드제약,2021-05-03,60900
9,000650,천일고속,2024-01-31,60900
3,108670,LX하우시스,2023-07-28,61400
4,069960,현대백화점,2024-02-07,61900
3,192080,더블유게임즈,2021-10-21,62157
14,131290,티에스이,2024-02-22,62500
7,004000,롯데정밀화학,2023-12-26,63300
13,001630,종근당홀딩스,2023-11-06,64000
21,058430,포스코스틸리온,2023-12-27,64100
13,092230,KPX홀딩스,2022-12-14,64500
3,005935,삼성전자우,2024-02-13,64600
4,010955,S-Oil우,2023-09-01,64900
9,357550,석경에이티,2024-03-07,66800
17,338220,뷰노,2023-09-05,68200
11,000105,유한양행우,2020-12-21,68491
12,001065,JW중외제약우,2021-05-14,68762
6,039130,하나투어,2024-02-06,68800
19,004700,조광피혁,2024-02-02,68900
10,000590,CS홀딩스,2024-01-31,68900
4,215200,메가스터디교육,2024-02-08,68900
0,001045,CJ우,2019-04-16,68900
9,066575,LG전자우,2022-01-14,69800
14,000075,삼양홀딩스우,2022-04-20,70000
8,003555,LG우,2023-04-12,70200
5,001725,신영증권우,2021-08-24,70300
15,183300,코미코,2024-03-19,70600
9,144510,지씨셀,2022-08-05,71200
6,001820,삼화콘덴서,2022-01-11,72300
23,000155,두산우,2024-03-18,72500
9,005305,롯데칠성우,2023-11-16,73100
3,013890,지누스,2022-03-22,73625
15,000325,노루홀딩스우,2022-01-20,74000
13,285130,SK케미칼,2024-01-03,74100
3,416180,신성에스티,2024-02-21,74300
18,064550,바이오니아,2023-05-02,74400
4,310210,보로노이,2023-08-11,74516
6,020150,롯데에너지머티리얼즈,2023-03-06,75000
17,011785,금호석유우,2024-02-19,75000
12,009155,삼성전기우,2023-08-02,75300
10,267250,HD현대,2024-02-05,75300
10,000070,삼양홀딩스,2024-02-05,75500
21,052690,한전기술,2024-03-11,76800
3,137310,에스디바이오센서,2022-02-03,78600
8,352480,씨앤씨인터내셔널,2024-03-05,79300
2,064960,SNT모티브,2021-01-21,79300
15,022100,포스코DX,2023-12-27,79600
15,000100,유한양행,2024-03-11,80400
0,005180,빙그레,2020-04-02,80500
5,160600,이큐셀,2019-08-19,80838
7,000725,현대건설우,2023-05-25,81700
14,136510,스마트솔루션즈,2021-11-12,82400
9,025900,동화기업,2024-02-06,83700
20,000157,두산2우B,2024-03-15,83800
13,006120,SK디스커버리,2020-08-11,84200
10,001067,JW중외제약2우B,2021-05-12,84794
4,134380,미원화학,2022-06-13,85000
22,036830,솔브레인홀딩스,2024-02-20,85400
4,138040,메리츠금융지주,2024-02-23,86200
4,204320,HL만도,2021-01-08,87000
6,011390,부산산업,2023-06-16,87400
11,170900,동아에스티,2024-03-07,88000
1,072710,농심홀딩스,2021-05-14,88400
6,139480,이마트,2024-02-02,88500
7,302440,SK바이오사이언스,2023-08-03,88600
7,035760,CJ ENM,2024-02-08,89300
13,290670,대보마그네틱,2022-11-29,89900
9,055490,테이팩스,2021-11-24,89900
5,008770,호텔신라,2023-08-11,91200
5,003650,미창석유,2022-02-24,91800
13,383310,에코프로에이치엔,2024-03-18,91900
4,360070,탑머티리얼,2023-07-19,92500
1,021240,코웨이,2020-08-11,93300
6,180640,한진칼,2020-11-16,95500
4,057050,현대홈쇼핑,2021-05-14,95600
13,047050,포스코인터내셔널,2023-07-26,96700
1,005930,삼성전자,2021-01-11,96800
9,199800,툴젠,2024-03-19,98000
10,095340,ISC,2024-03-08,98200
21,237690,에스티팜,2024-03-18,99000
19,053800,안랩,2023-02-01,101300
18,042700,한미반도체,2024-03-04,101500
7,389020,자람테크놀로지,2024-03-13,104700
5,101140,인바이오젠,2021-07-07,106000
7,004690,삼천리,2024-02-19,108100
6,263540,어스앤에어로스페이스,2019-06-13,108221
2,107600,새빗켐,2023-07-20,109400
6,293490,카카오게임즈,2021-11-16,110100
9,001040,CJ,2024-03-18,115000
23,120030,조선선재,2024-01-31,118400
7,034950,한국기업평가,2020-12-28,118500
7,010120,LS ELECTRIC,2023-07-25,119000
3,361610,SK아이이테크놀로지,2023-07-26,120000
15,012320,경동인베스트,2023-08-22,123000
8,069620,대웅제약,2023-11-17,123700
9,003830,대한화섬,2024-01-30,124200
5,058650,세아홀딩스,2022-08-12,126000
3,009540,HD한국조선해양,2024-03-15,127800
1,012510,더존비즈온,2020-09-04,133000
0,090435,아모레퍼시픽우,2019-04-17,133000
15,068760,셀트리온제약,2024-01-03,133300
13,006260,LS,2023-08-02,133400
11,185750,종근당,2023-11-07,133416
26,02826K,삼성물산우B,2024-02-19,133900
22,008870,금비,2022-12-26,136500
9,078600,대주전자재료,2023-04-07,138300
6,251270,넷마블,2021-11-11,140500
5,009240,한샘,2021-07-15,140500
16,097955,CJ제일제당 우,2024-02-19,143000
11,096775,SK이노베이션우,2023-07-26,144300
0,005610,SPC삼립,2019-03-29,146000
12,001130,대한제분,2024-02-23,146800
5,148140,비디아이,2020-11-19,148223
5,000640,동아쏘시오홀딩스,2020-11-18,149500
5,066570,LG전자,2022-01-13,150000
20,006110,삼아알미늄,2023-10-12,153000
6,107590,미원홀딩스,2021-10-15,157500
15,121600,나노신소재,2024-02-22,157800
3,009150,삼성전기,2023-07-17,161000
14,005389,현대차3우B,2024-02-19,161800
2,365340,성일하이텍,2023-07-26,162300
3,280360,롯데웰푸드,2021-05-12,163500
12,000150,두산,2023-09-12,166600
14,306200,세아제강,2023-02-27,172800
10,035720,카카오,2021-06-24,173000
4,078340,컴투스,2020-12-03,178400
6,018670,SK가스,2021-09-13,184000
24,065350,신성델타테크,2024-02-21,184800
13,005070,코스모신소재,2024-02-20,186000
15,001465,BYC우,2024-03-05,189300
2,000120,CJ대한통운,2021-02-03,191500
2,282330,BGF리테일,2023-06-16,196500
11,277810,레인보우로보틱스,2024-03-19,199400
12,086280,현대글로비스,2024-03-07,207000
8,039030,이오테크닉스,2024-01-22,207500
13,002600,조흥,2023-07-18,215500
11,145020,휴젤,2024-03-04,219000
8,096770,SK이노베이션,2023-07-26,225816
2,018260,삼성에스디에스,2021-01-08,229500
8,002840,미원상사,2021-03-26,233000
9,035420,NAVER,2023-08-01,239500
3,068270,셀트리온,2024-01-02,241000
6,014680,한솔케미칼,2023-04-07,253000
10,307950,현대오토에버,2023-09-12,263000
10,03473K,SK우,2021-08-23,280000
8,005380,현대차,2021-01-11,289000
9,002960,한국쉘석유,2021-05-17,291000
8,278280,천보,2023-04-10,299500
1,011170,롯데케미칼,2021-02-23,315279
10,066970,엘앤에프,2023-07-26,318000
5,000810,삼성화재,2024-02-08,333000
21,247540,에코프로비엠,2023-12-04,354000
22,006405,삼성SDI우,2023-04-18,392500
4,012330,현대모비스,2021-01-08,395500
3,128940,한미약품,2020-08-06,399036
5,097950,CJ제일제당,2022-08-09,437000
16,051915,LG화학우,2023-07-24,449500
8,004370,농심,2023-08-14,490000
5,000670,영풍,2023-07-25,601000
1,007310,오뚜기,2021-03-10,602000
15,003920,남양유업,2023-02-20,632287
16,005490,POSCO홀딩스,2023-07-27,649000
8,003670,포스코퓨처엠,2023-07-26,694000
4,051910,LG화학,2023-04-11,857000
10,003240,태광산업,2024-01-31,950000
16,086520,에코프로,2023-07-26,1539000
