년월,선행,동행,kospi,kosdaq,snp,nasdaq,usdkrw,jpykrw
1996-01,104.3,104.5,878.82,,636.02001953125,1059.7900390625,,
1996-02,103.9,104.9,852.83,,640.4299926757812,1100.050048828125,,
1996-03,104.0,104.7,874.16,,645.5,1101.4000244140625,,
1996-04,103.5,104.9,980.9,,654.1699829101562,1190.52001953125,,
1996-05,103.2,105.2,903.09,,669.1199951171875,1243.4300537109375,,
1996-06,102.1,105.0,817.43,,670.6300048828125,1185.02001953125,,
1996-07,102.0,104.9,821.71,1141.3,639.9500122070312,1080.5899658203125,,
1996-08,101.7,104.6,781.49,1155.3,651.989990234375,1141.5,,
1996-09,100.8,104.6,789.67,1168.8,687.3300170898438,1226.9200439453125,,
1996-10,99.9,104.7,757.59,1223.5,705.27001953125,1221.510009765625,,
1996-11,99.4,104.8,726.48,1272.7,757.02001953125,1292.6099853515625,,
1996-12,99.8,104.9,651.22,1204.7,740.739990234375,1291.030029296875,,
1997-01,99.6,104.3,685.84,1207.9,786.1599731445312,1379.8499755859375,,
1997-02,99.9,104.3,676.53,1183.5,790.8200073242188,1309.0,,
1997-03,100.0,104.1,677.34,1204.7,757.1199951171875,1221.699951171875,,
1997-04,100.7,104.5,703.23,1252.9,801.3400268554688,1260.760009765625,,
1997-05,100.6,104.5,756.77,1308.1,848.280029296875,1400.3199462890625,,
1997-06,100.9,104.3,745.4,1331.1,885.1400146484375,1442.0699462890625,,
1997-07,100.7,104.2,726.12,1331.3,954.3099975585938,1593.81005859375,,
1997-08,100.9,104.2,695.37,1340.1,899.469970703125,1587.3199462890625,,
1997-09,100.6,104.1,647.11,1327.4,947.280029296875,1685.68994140625,,
1997-10,100.0,103.7,470.79,1204.3,914.6199951171875,1593.6099853515625,,
1997-11,98.8,103.2,407.86,1098.1,955.4000244140625,1600.550048828125,,
1997-12,96.1,102.3,376.31,972.5,970.4299926757812,1570.3499755859375,,
1998-01,93.3,100.6,567.38,1031.2,980.280029296875,1619.3599853515625,,
1998-02,91.8,98.6,558.98,1032.7,1049.3399658203125,1770.510009765625,,
1998-03,91.9,96.5,481.04,1030.6,1101.75,1835.6800537109375,,
1998-04,92.6,95.4,421.22,906.0,1111.75,1868.4100341796875,,
1998-05,92.9,94.7,332.03,782.9,1090.8199462890625,1778.8699951171875,,
1998-06,92.7,93.9,297.88,746.7,1133.8399658203125,1894.739990234375,,
1998-07,93.0,93.3,343.33,698.1,1120.6700439453125,1872.3900146484375,,
1998-08,93.6,93.0,310.16,637.6,957.280029296875,1499.25,,
1998-09,94.0,93.2,310.32,610.3,1017.010009765625,1693.8399658203125,,
1998-10,94.5,94.3,403.44,639.4,1098.6700439453125,1771.3900146484375,,
1998-11,95.1,95.5,451.88,641.3,1163.6300048828125,1949.5400390625,,
1998-12,95.9,96.1,562.46,751.8,1229.22998046875,2192.68994140625,,
1999-01,96.9,96.5,571.43,761.6,1279.6400146484375,2505.889892578125,,
1999-02,98.2,96.6,520.06,723.0,1238.3299560546875,2288.030029296875,,
1999-03,99.3,96.9,618.98,797.9,1286.3699951171875,2461.39990234375,,
1999-04,100.2,97.2,752.59,1191.0,1335.1800537109375,2542.860107421875,,
1999-05,101.0,97.5,736.02,1454.8,1301.8399658203125,2470.52001953125,,
1999-06,102.4,98.1,883.0,1795.5,1372.7099609375,2686.1201171875,,
1999-07,103.6,98.8,969.72,1929.7,1328.719970703125,2638.489990234375,,
1999-08,104.2,99.3,937.88,2009.6,1320.4100341796875,2739.35009765625,,
1999-09,104.2,99.8,836.18,1571.2,1282.7099609375,2746.159912109375,,
1999-10,103.9,99.9,833.51,1793.8,1362.9300537109375,2966.429931640625,,
1999-11,104.2,100.4,996.66,2292.0,1388.9100341796875,3336.159912109375,,
1999-12,104.1,100.4,1028.07,2561.4,1469.25,4069.31005859375,,
2000-01,105.1,100.4,943.88,1903.7,1394.4599609375,3940.35009765625,,
2000-02,105.1,100.4,828.38,2663.7,1366.4200439453125,4696.68994140625,,
2000-03,105.2,100.7,860.94,2212.7,1498.5799560546875,4572.830078125,,
2000-04,104.5,100.9,725.39,1581.8,1452.4300537109375,3860.659912109375,,
2000-05,104.2,101.4,731.88,1441.5,1420.5999755859375,3400.909912109375,,
2000-06,104.2,101.7,821.22,1518.6,1454.5999755859375,3966.110107421875,,
2000-07,104.1,102.6,705.97,1158.0,1430.8299560546875,3766.989990234375,,
2000-08,104.5,102.6,688.62,1085.9,1517.6800537109375,4206.35009765625,,
2000-09,103.7,102.3,613.22,901.7,1436.510009765625,3672.820068359375,,
2000-10,102.2,101.7,514.48,746.8,1429.4000244140625,3369.6298828125,,
2000-11,99.7,101.2,509.23,672.6,1314.949951171875,2597.929931640625,,
2000-12,98.3,100.7,504.62,525.8,1320.280029296875,2470.52001953125,,
2001-01,96.9,100.3,617.91,843.6,1366.010009765625,2772.72998046875,,
2001-02,96.6,99.9,578.1,767.6,1239.93994140625,2151.830078125,,
2001-03,96.7,99.8,523.22,684.3,1160.3299560546875,1840.260009765625,,
2001-04,96.8,99.6,577.36,789.7,1249.4599609375,2116.239990234375,,
2001-05,97.2,99.8,612.16,813.5,1255.8199462890625,2110.489990234375,,
2001-06,97.3,99.8,595.13,768.7,1224.3800048828125,2160.5400390625,,
2001-07,97.0,99.2,541.55,680.9,1211.22998046875,2027.1300048828125,,
2001-08,96.7,99.0,545.11,618.4,1133.5799560546875,1805.4300537109375,,
2001-09,96.7,99.4,479.68,516.4,1040.93994140625,1498.800048828125,,
2001-10,97.0,99.8,537.81,625.5,1059.780029296875,1690.199951171875,,
2001-11,98.1,100.1,643.89,705.2,1139.449951171875,1930.5799560546875,,
2001-12,99.4,99.7,693.7,722.1,1148.0799560546875,1950.4000244140625,,
2002-01,101.1,100.1,748.07,773.6,1130.199951171875,1934.030029296875,,
2002-02,102.3,100.6,819.99,787.1,1106.72998046875,1731.489990234375,,
2002-03,103.7,101.4,895.58,927.3,1147.3900146484375,1845.3499755859375,,
2002-04,104.0,101.7,842.34,733.4,1076.9200439453125,1688.22998046875,,
2002-05,103.7,101.5,796.4,697.8,1067.1400146484375,1615.72998046875,,
2002-06,102.7,101.0,742.72,608.5,989.8200073242188,1463.2099609375,,
2002-07,102.1,101.0,717.99,586.2,911.6199951171875,1328.260009765625,,
2002-08,101.6,101.0,736.4,591.1,916.0700073242188,1314.8499755859375,,
2002-09,101.1,101.3,646.42,467.1,815.280029296875,1172.06005859375,,
2002-10,100.3,101.2,658.92,480.5,885.760009765625,1329.75,,
2002-11,100.2,101.5,724.8,519.0,936.3099975585938,1478.780029296875,,
2002-12,100.3,101.3,627.55,443.6,879.8200073242188,1335.510009765625,,
2003-01,100.1,101.2,591.86,433.9,855.7000122070312,1320.9100341796875,,
2003-02,99.9,100.7,575.43,417.8,841.1500244140625,1337.52001953125,,
2003-03,99.6,100.4,535.7,377.7,848.1799926757812,1341.1700439453125,,
2003-04,99.2,99.8,599.35,428.0,916.9199829101562,1464.31005859375,,
2003-05,99.0,99.7,633.42,471.8,963.5900268554688,1595.9100341796875,,
2003-06,99.4,99.8,669.93,497.5,974.5,1622.800048828125,,
2003-07,99.3,99.7,713.52,493.3,990.3099975585938,1735.02001953125,,
2003-08,99.8,99.8,759.47,495.4,1008.010009765625,1810.449951171875,,
2003-09,100.0,99.8,697.52,448.6,995.969970703125,1786.93994140625,,
2003-10,100.4,100.2,782.36,463.8,1050.7099609375,1932.2099609375,,
2003-11,100.4,100.3,796.18,458.4,1058.199951171875,1960.260009765625,,
2003-12,100.5,100.6,810.71,448.7,1111.9200439453125,2003.3699951171875,1189.9000244140625,11.090999603271484
2004-01,100.7,100.9,848.5,441.45,1131.1300048828125,2066.14990234375,1160.0,10.972000122070312
2004-02,101.0,101.4,883.42,428.68,1144.93994140625,2029.8199462890625,1172.800048828125,10.729999542236328
2004-03,101.1,101.6,880.5,434.16,1126.2099609375,1994.219970703125,1161.5,11.192999839782715
2004-04,101.1,101.6,862.84,453.47,1107.300048828125,1920.1500244140625,1162.699951171875,10.531000137329102
2004-05,100.8,101.2,803.84,400.92,1120.6800537109375,1986.739990234375,1158.0,10.484999656677246
2004-06,100.5,101.0,785.79,385.18,1140.8399658203125,2047.7900390625,1152.9000244140625,10.628999710083008
2004-07,100.1,100.6,735.34,331.21,1101.719970703125,1887.3599853515625,1170.0999755859375,10.503999710083008
2004-08,99.8,100.1,803.57,355.66,1104.239990234375,1838.0999755859375,1147.800048828125,10.494000434875488
2004-09,99.8,100.0,835.09,362.08,1114.5799560546875,1896.8399658203125,1147.300048828125,10.380999565124512
2004-10,99.8,99.9,834.84,357.04,1130.199951171875,1974.989990234375,1106.300048828125,10.456000328063965
2004-11,99.7,99.7,878.06,373.43,1173.8199462890625,2096.81005859375,1047.5999755859375,10.178999900817871
2004-12,99.5,99.3,895.92,380.33,1211.9200439453125,2175.43994140625,1002.5999755859375,9.782099723815918
2005-01,99.4,99.2,932.7,472.95,1181.27001953125,2062.409912109375,1025.4100341796875,9.900199890136719
2005-02,99.6,98.9,1011.36,498.38,1203.5999755859375,2051.719970703125,1003.7999877929688,9.601900100708008
2005-03,100.1,99.1,965.68,455.03,1180.5899658203125,1999.22998046875,1011.7999877929688,9.396300315856934
2005-04,100.1,98.8,911.3,424.4,1156.8499755859375,1921.6500244140625,996.6599731445312,9.521300315856934
2005-05,99.8,98.7,970.21,471.48,1191.5,2068.219970703125,1014.7000122070312,9.33650016784668
2005-06,99.4,98.6,1008.16,503.21,1191.3299560546875,2056.9599609375,1031.0,9.223299980163574
2005-07,99.5,98.5,1111.29,546.68,1234.1800537109375,2184.830078125,1017.0,9.1496000289917
2005-08,99.8,98.5,1083.33,503.95,1220.3299560546875,2152.090087890625,1019.7000122070312,9.276599884033203
2005-09,100.0,98.4,1221.01,571.95,1228.81005859375,2151.68994140625,1032.0999755859375,9.091699600219727
2005-10,100.0,98.5,1158.11,587.46,1207.010009765625,2120.300048828125,1044.0999755859375,8.964599609375
2005-11,100.3,99.0,1297.44,712.39,1249.47998046875,2232.820068359375,1019.0999755859375,8.51200008392334
2005-12,100.5,99.4,1379.37,701.79,1248.2900390625,2205.320068359375,999.4500122070312,8.469099998474121
2006-01,100.9,99.7,1399.83,690.24,1280.0799560546875,2305.820068359375,948.0800170898438,8.080499649047852
2006-02,100.9,99.7,1371.59,682.36,1280.6600341796875,2281.389892578125,952.760009765625,8.226799964904785
2006-03,100.7,99.8,1359.6,665.21,1294.8699951171875,2339.7900390625,964.0900268554688,8.18589973449707
2006-04,100.5,99.8,1419.73,685.44,1310.6099853515625,2322.570068359375,934.8900146484375,8.231499671936035
2006-05,100.4,100.0,1317.7,630.5,1270.0899658203125,2178.8798828125,930.1199951171875,8.269800186157227
2006-06,100.0,99.8,1295.15,590.68,1270.199951171875,2172.090087890625,936.4600219726562,8.176300048828125
2006-07,99.4,99.1,1297.82,557.66,1276.6600341796875,2091.469970703125,938.25,8.188501358032227
2006-08,99.0,99.0,1352.74,572.83,1303.8199462890625,2183.75,947.3300170898438,8.090201377868652
2006-09,99.4,99.3,1371.41,600.42,1335.8499755859375,2258.429931640625,936.3800048828125,7.935100078582764
2006-10,99.8,100.4,1364.55,586.1,1377.93994140625,2366.7099609375,925.1500244140625,7.9222002029418945
2006-11,100.1,100.8,1432.21,622.17,1400.6300048828125,2431.77001953125,919.8099975585938,7.951099872589111
2006-12,100.0,101.0,1434.46,606.15,1418.300048828125,2415.2900390625,916.9400024414062,7.702899932861328
2007-01,100.0,100.9,1360.23,576.37,1438.239990234375,2463.929931640625,924.0399780273438,7.651599884033203
2007-02,100.2,101.0,1417.34,600.93,1406.8199462890625,2416.14990234375,928.5999755859375,7.81850004196167
2007-03,100.3,101.1,1452.55,648.99,1420.8599853515625,2421.639892578125,932.3599853515625,7.912799835205078
2007-04,100.4,101.3,1542.24,675.88,1482.3699951171875,2525.090087890625,891.6199951171875,7.440999984741211
2007-05,100.5,101.3,1700.91,747.87,1530.6199951171875,2604.52001953125,927.510009765625,7.595399856567383
2007-06,100.9,101.3,1743.6,778.69,1503.3499755859375,2603.22998046875,921.5599975585938,7.481299877166748
2007-07,101.4,101.4,1933.27,811.52,1455.27001953125,2546.27001953125,931.4099731445312,7.766900062561035
2007-08,101.5,101.4,1873.24,775.13,1473.989990234375,2596.360107421875,937.0999755859375,8.088801383972168
2007-09,101.6,101.3,1946.48,794.56,1526.75,2701.5,912.25,7.877299785614014
2007-10,101.5,101.6,2064.85,810.07,1549.3800048828125,2859.1201171875,898.6900024414062,7.787600040435791
2007-11,101.7,101.7,1906.0,741.84,1481.1400146484375,2660.9599609375,919.47998046875,8.280799865722656
2007-12,101.5,102.2,1897.13,704.23,1468.3599853515625,2652.280029296875,926.3599853515625,8.294599533081055
2008-01,101.2,102.5,1624.68,608.84,1378.550048828125,2389.860107421875,941.219970703125,8.855199813842773
2008-02,100.6,102.5,1711.62,655.94,1330.6300048828125,2271.47998046875,937.8400268554688,9.036299705505371
2008-03,100.2,102.4,1703.99,644.45,1322.699951171875,2279.10009765625,992.280029296875,9.935400009155273
2008-04,100.0,102.1,1825.47,647.02,1385.5899658203125,2412.800048828125,1002.4000244140625,9.647199630737305
2008-05,99.7,101.8,1852.02,652.15,1400.3800048828125,2522.659912109375,1029.0999755859375,9.75220012664795
2008-06,99.3,101.3,1674.92,590.19,1280.0,2292.97998046875,1046.0,9.857000350952148
2008-07,98.8,101.0,1594.67,539.44,1267.3800048828125,2325.550048828125,1010.7000122070312,9.373200416564941
2008-08,98.6,100.8,1474.24,470.28,1282.8299560546875,2367.52001953125,1116.010009765625,10.343000411987305
2008-09,98.4,100.7,1448.06,440.77,1166.3599853515625,2091.8798828125,1189.9000244140625,11.229999542236328
2008-10,98.0,100.4,1113.06,308.03,968.75,1720.949951171875,1289.199951171875,13.093000411987305
2008-11,97.5,99.7,1076.07,307.48,896.239990234375,1535.5699462890625,1467.9000244140625,15.366999626159668
2008-12,97.2,98.5,1124.47,332.05,903.25,1577.030029296875,1242.199951171875,13.697999954223633
2009-01,97.0,97.8,1162.11,364.9,825.8800048828125,1476.4200439453125,1377.0999755859375,15.3100004196167
2009-02,97.4,97.6,1063.03,363.21,735.0900268554688,1377.8399658203125,1530.300048828125,15.684000015258789
2009-03,97.9,97.7,1206.26,421.44,797.8699951171875,1528.5899658203125,1376.800048828125,13.95199966430664
2009-04,99.0,97.8,1369.36,500.98,872.8099975585938,1717.300048828125,1264.699951171875,12.74899959564209
2009-05,99.6,97.8,1395.89,528.8,919.1400146484375,1774.3299560546875,1249.5,12.940999984741211
2009-06,100.4,98.5,1390.07,485.15,919.3200073242188,1835.0400390625,1261.9000244140625,13.0600004196167
2009-07,100.6,98.6,1557.29,504.35,987.47998046875,1978.5,1223.0999755859375,12.920000076293945
2009-08,100.7,98.7,1591.85,514.7,1020.6199951171875,2009.06005859375,1248.0,13.461000442504883
2009-09,100.9,98.9,1673.14,505.94,1057.0799560546875,2122.419921875,1160.0999755859375,12.95199966430664
2009-10,101.5,99.1,1580.69,486.46,1036.18994140625,2045.1099853515625,1185.5,13.157999992370605
2009-11,102.1,99.1,1555.6,464.32,1095.6300048828125,2144.60009765625,1160.5999755859375,13.45199966430664
2009-12,102.4,99.0,1682.77,513.57,1115.0999755859375,2269.14990234375,1151.0999755859375,12.381999969482422
2010-01,102.5,99.2,1602.43,496.57,1073.8699951171875,2147.35009765625,1158.199951171875,12.826000213623047
2010-02,102.4,99.7,1594.58,507.03,1104.489990234375,2238.260009765625,1161.4000244140625,13.055999755859375
2010-03,102.1,100.1,1692.85,515.74,1169.4300537109375,2397.9599609375,1124.199951171875,11.979000091552734
2010-04,101.9,100.3,1741.56,523.75,1186.68994140625,2461.18994140625,1107.9000244140625,11.805000305175781
2010-05,102.0,100.7,1641.25,489.42,1089.4100341796875,2257.0400390625,1218.5,13.375
2010-06,102.0,100.8,1698.29,489.98,1030.7099609375,2109.239990234375,1223.0999755859375,13.961999893188477
2010-07,101.9,101.0,1759.33,481.45,1101.5999755859375,2254.699951171875,1184.0999755859375,13.699999809265137
2010-08,101.6,100.6,1742.75,464.71,1049.3299560546875,2114.030029296875,1199.5999755859375,14.253000259399414
2010-09,101.4,100.2,1872.81,492.75,1141.199951171875,2368.6201171875,1137.199951171875,13.607999801635742
2010-10,101.0,99.7,1882.95,526.45,1183.260009765625,2507.409912109375,1132.4000244140625,13.86299991607666
2010-11,100.9,99.7,1904.63,498.39,1180.550048828125,2498.22998046875,1163.0,13.800999641418457
2010-12,100.7,100.1,2051.0,510.69,1257.6400146484375,2652.8701171875,1127.0999755859375,13.829000473022461
2011-01,101.0,101.0,2069.73,521.38,1286.1199951171875,2700.080078125,1117.4000244140625,13.607999801635742
2011-02,101.2,100.8,1939.3,504.46,1327.219970703125,2782.27001953125,1127.0999755859375,13.807999610900879
2011-03,101.1,100.9,2106.7,525.42,1325.8299560546875,2781.070068359375,1099.199951171875,13.185999870300293
2011-04,100.9,100.4,2192.36,511.0,1363.6099853515625,2873.5400390625,1068.800048828125,13.107999801635742
2011-05,100.8,100.8,2142.47,484.54,1345.199951171875,2835.300048828125,1073.4000244140625,13.175999641418457
2011-06,100.7,101.0,2100.69,479.55,1320.6400146484375,2773.52001953125,1067.9000244140625,13.244000434875488
2011-07,100.6,101.0,2133.21,536.05,1292.280029296875,2756.3798828125,1055.300048828125,13.65999984741211
2011-08,100.4,101.2,1880.11,493.44,1218.8900146484375,2579.4599609375,1065.800048828125,13.887999534606934
2011-09,100.1,100.8,1769.65,449.66,1131.4200439453125,2415.39990234375,1177.0,15.336000442504883
2011-10,100.0,101.0,1909.03,490.69,1253.300048828125,2684.409912109375,1104.0,14.571000099182129
2011-11,99.8,100.7,1847.51,492.81,1246.9599609375,2620.340087890625,1140.300048828125,14.623000144958496
2011-12,99.6,100.7,1825.74,500.18,1257.5999755859375,2605.14990234375,1155.4000244140625,14.87600040435791
2012-01,99.7,100.3,1955.79,513.99,1312.4100341796875,2813.840087890625,1125.699951171875,14.73900032043457
2012-02,100.1,100.7,2030.25,542.3,1365.6800537109375,2966.889892578125,1124.5999755859375,13.972999572753906
2012-03,100.4,100.5,2014.04,519.56,1408.469970703125,3091.570068359375,1138.0,13.829000473022461
2012-04,100.5,100.6,1981.99,478.89,1397.9100341796875,3046.360107421875,1129.0,14.125
2012-05,100.2,100.7,1843.47,471.94,1310.3299560546875,2827.340087890625,1179.0,15.01200008392334
2012-06,100.2,100.6,1854.01,489.16,1362.1600341796875,2935.050048828125,1157.0999755859375,14.586000442504883
2012-07,99.9,100.8,1881.99,467.61,1379.3199462890625,2939.52001953125,1129.4000244140625,14.456000328063965
2012-08,99.6,100.1,1905.12,508.35,1406.5799560546875,3066.9599609375,1133.5999755859375,14.434000015258789
2012-09,99.3,100.0,1996.21,523.78,1440.6700439453125,3116.22998046875,1099.699951171875,14.104000091552734
2012-10,99.2,99.7,1912.06,508.31,1412.1600341796875,2977.22998046875,1090.300048828125,13.682999610900879
2012-11,99.3,100.0,1932.9,499.37,1416.1800537109375,3010.239990234375,1082.0999755859375,13.17199993133545
2012-12,99.4,100.2,1997.05,496.32,1426.18994140625,3019.510009765625,1038.0999755859375,12.076000213623047
2013-01,99.4,100.1,1961.94,503.67,1498.1099853515625,3142.1298828125,1085.4000244140625,11.923999786376953
2013-02,99.4,100.1,2026.49,535.87,1514.6800537109375,3160.18994140625,1083.9000244140625,11.739999771118164
2013-03,99.4,99.7,2004.89,555.02,1569.18994140625,3267.52001953125,1090.0,11.5600004196167
2013-04,99.5,99.8,1963.95,563.87,1597.5699462890625,3328.7900390625,1100.699951171875,11.314000129699707
2013-05,99.5,99.7,2001.05,577.87,1630.739990234375,3455.909912109375,1127.5999755859375,11.154999732971191
2013-06,99.7,99.9,1863.32,519.06,1606.280029296875,3403.25,1121.9000244140625,11.286999702453613
2013-07,99.8,99.8,1914.03,554.31,1685.72998046875,3626.3701171875,1122.5,11.472999572753906
2013-08,99.8,99.8,1926.36,516.74,1632.969970703125,3589.8701171875,1111.699951171875,11.305000305175781
2013-09,99.7,99.7,1996.96,534.89,1681.550048828125,3771.47998046875,1073.300048828125,10.906000137329102
2013-10,99.8,100.0,2030.09,532.44,1756.5400390625,3919.7099609375,1058.199951171875,10.741000175476074
2013-11,99.8,100.0,2044.87,517.06,1805.81005859375,4059.889892578125,1060.0999755859375,10.362000465393066
2013-12,99.9,100.2,2011.34,499.99,1848.3599853515625,4176.58984375,1054.300048828125,10.04699993133545
2014-01,99.9,100.5,1941.15,515.2,1782.5899658203125,4103.8798828125,1079.300048828125,10.501999855041504
2014-02,99.9,100.5,1979.99,528.96,1859.449951171875,4308.1201171875,1068.699951171875,10.468000411987305
2014-03,99.8,100.6,1985.61,541.58,1872.3399658203125,4198.990234375,1062.5,10.307999610900879
2014-04,99.7,100.4,1961.79,559.34,1883.949951171875,4114.56005859375,1032.4000244140625,10.100000381469727
2014-05,99.5,100.0,1994.96,546.53,1923.5699462890625,4242.6201171875,1018.5399780273438,10.02400016784668
2014-06,99.5,100.0,2002.21,537.06,1960.22998046875,4408.18017578125,1011.0,9.977499961853027
2014-07,99.3,100.0,2076.12,536.32,1930.6700439453125,4369.77001953125,1032.3900146484375,9.991399765014648
2014-08,99.4,100.0,2068.54,570.2,2003.3699951171875,4580.27001953125,1013.5999755859375,9.73009967803955
2014-09,99.6,99.7,2020.09,573.22,1972.2900390625,4493.39013671875,1053.9000244140625,9.60949993133545
2014-10,99.6,99.3,1964.43,558.7,2018.050048828125,4630.740234375,1053.800048828125,9.65149974822998
2014-11,99.7,99.0,1980.78,545.08,2067.56005859375,4791.6298828125,1099.0999755859375,9.326700210571289
2014-12,99.7,99.3,1915.59,542.97,2058.89990234375,4736.0498046875,1095.300048828125,9.166199684143066
2015-01,100.0,99.3,1949.26,591.58,1994.989990234375,4635.240234375,1098.800048828125,9.295900344848633
2015-02,100.2,99.7,1985.8,624.56,2104.5,4963.52978515625,1100.6700439453125,9.22249984741211
2015-03,100.4,99.3,2041.03,650.49,2067.889892578125,4900.8798828125,1107.0999755859375,9.225099563598633
2015-04,100.5,99.2,2127.17,689.01,2085.510009765625,4941.419921875,1075.06005859375,9.012999534606934
2015-05,100.6,98.6,2114.8,711.39,2107.389892578125,5070.02978515625,1111.4200439453125,8.978400230407715
2015-06,100.5,98.5,2074.2,742.27,2063.110107421875,4986.8701171875,1117.56005859375,9.14799976348877
2015-07,100.4,98.4,2030.16,725.06,2103.840087890625,5128.27978515625,1170.77001953125,9.441200256347656
2015-08,100.3,98.9,1941.49,687.11,1972.1800537109375,4776.509765625,1180.949951171875,9.758299827575684
2015-09,100.5,99.6,1962.81,678.48,1920.030029296875,4620.16015625,1183.8399658203125,9.882100105285645
2015-10,100.4,100.1,2029.47,683.63,2079.360107421875,5053.75,1139.8599853515625,9.4266996383667
2015-11,100.3,99.9,1991.97,688.38,2080.409912109375,5108.669921875,1154.8299560546875,9.41450023651123
2015-12,100.0,99.9,1961.31,682.35,2043.93994140625,5007.41015625,1175.43994140625,9.76099967956543
2016-01,99.7,99.5,1912.06,682.8,1940.239990234375,4613.9501953125,1205.6300048828125,10.140000343322754
2016-02,99.4,99.5,1916.66,651.62,1932.22998046875,4557.9501953125,1241.1300048828125,10.711999893188477
2016-03,99.4,99.2,1995.85,688.38,2059.739990234375,4869.85009765625,1140.800048828125,10.147000312805176
2016-04,99.3,99.2,1994.15,699.77,2065.300048828125,4775.35986328125,1134.0,10.494999885559082
2016-05,99.4,99.5,1983.4,698.45,2096.949951171875,4948.0498046875,1187.739990234375,10.741000175476074
2016-06,99.3,99.7,1970.35,675.09,2098.860107421875,4842.669921875,1151.25,11.177000045776367
2016-07,99.4,99.9,2016.19,706.24,2173.60009765625,5162.1298828125,1109.949951171875,10.607999801635742
2016-08,99.5,100.1,2034.65,663.69,2170.949951171875,5213.22021484375,1114.43994140625,10.782999992370605
2016-09,99.7,99.9,2043.63,681.21,2168.27001953125,5312.0,1101.6199951171875,10.881999969482422
2016-10,99.8,99.8,2008.19,624.68,2126.14990234375,5189.14013671875,1146.699951171875,10.963000297546387
2016-11,100.0,100.1,1983.48,596.11,2198.81005859375,5323.68017578125,1167.8599853515625,10.378999710083008
2016-12,100.2,100.3,2026.46,631.44,2238.830078125,5383.1201171875,1205.2900390625,10.36299991607666
2017-01,100.4,100.7,2067.57,616.13,2278.8701171875,5614.7900390625,1169.2099609375,10.281999588012695
2017-02,100.7,100.7,2091.64,612.2,2363.639892578125,5825.43994140625,1133.93994140625,10.053999900817871
2017-03,100.9,100.9,2160.23,619.28,2362.719970703125,5911.740234375,1117.02001953125,9.9891996383667
2017-04,101.1,101.0,2205.44,628.24,2384.199951171875,6047.60986328125,1135.6400146484375,10.199999809265137
2017-05,101.2,101.1,2347.38,652.04,2411.800048828125,6198.52001953125,1119.02001953125,10.097999572753906
2017-06,101.4,101.1,2391.79,669.04,2423.409912109375,6140.419921875,1146.1400146484375,10.232000350952148
2017-07,101.5,101.0,2402.71,650.47,2470.300048828125,6348.1201171875,1118.72998046875,10.133999824523926
2017-08,101.7,101.1,2363.19,657.83,2471.64990234375,6428.66015625,1123.5400390625,10.199000358581543
2017-09,101.7,101.2,2394.47,652.82,2519.360107421875,6495.9599609375,1145.93994140625,10.180000305175781
2017-10,101.8,101.2,2523.43,694.2,2575.260009765625,6727.669921875,1123.449951171875,9.939000129699707
2017-11,101.7,101.4,2476.37,771.42,2647.580078125,6873.97021484375,1080.6600341796875,9.646499633789062
2017-12,101.5,101.0,2467.49,798.42,2673.610107421875,6903.39013671875,1069.489990234375,9.472200393676758
2018-01,101.5,101.0,2566.46,913.57,2823.81005859375,7411.47998046875,1072.5400390625,9.862700462341309
2018-02,101.5,101.1,2427.36,857.06,2713.830078125,7273.009765625,1079.3900146484375,10.055999755859375
2018-03,101.5,101.0,2445.85,871.09,2640.8701171875,7063.4501953125,1062.0,9.971099853515625
2018-04,101.2,100.9,2515.38,875.95,2648.050048828125,7066.27001953125,1069.449951171875,9.780400276184082
2018-05,101.2,100.8,2423.01,879.66,2705.27001953125,7442.1201171875,1079.949951171875,9.929100036621094
2018-06,101.0,100.8,2326.13,818.22,2718.3701171875,7510.2998046875,1120.5400390625,10.138999938964844
2018-07,100.9,100.7,2295.26,775.52,2816.2900390625,7671.7900390625,1112.199951171875,9.945500373840332
2018-08,100.5,100.5,2322.88,816.97,2901.52001953125,8109.5400390625,1115.449951171875,10.045999526977539
2018-09,100.4,100.2,2343.07,822.27,2913.97998046875,8046.35009765625,1109.010009765625,9.742600440979004
2018-10,100.1,100.1,2029.69,648.67,2711.739990234375,7305.89990234375,1137.699951171875,10.059000015258789
2018-11,99.9,99.9,2096.86,695.76,2760.169921875,7330.5400390625,1117.02001953125,9.845399856567383
2018-12,99.6,99.8,2041.04,675.65,2506.85009765625,6635.27978515625,1116.300048828125,10.116999626159668
2019-01,99.5,99.9,2204.85,716.86,2704.10009765625,7281.740234375,1109.0,10.17300033569336
2019-02,99.3,99.4,2195.44,731.25,2784.489990234375,7532.52978515625,1115.0999755859375,10.064000129699707
2019-03,99.4,99.3,2140.67,729.31,2834.39990234375,7729.31982421875,1136.699951171875,10.237000465393066
2019-04,99.4,99.1,2203.59,754.74,2945.830078125,8095.39013671875,1163.260009765625,10.442000389099121
2019-05,99.1,99.4,2041.74,696.47,2752.06005859375,7453.14990234375,1188.3800048828125,10.864999771118164
2019-06,98.9,99.4,2130.62,690.53,2941.760009765625,8006.240234375,1155.5999755859375,10.661999702453613
2019-07,98.6,99.5,2024.55,630.18,2980.3798828125,8175.419921875,1186.31005859375,10.899999618530273
2019-08,98.5,99.6,1967.79,610.55,2926.4599609375,7962.8798828125,1207.1600341796875,11.34000015258789
2019-09,98.5,99.7,2063.05,621.76,2976.739990234375,7999.33984375,1198.0,11.085000038146973
2019-10,98.9,99.8,2083.48,658.52,3037.56005859375,8292.3603515625,1163.699951171875,10.697050094604492
2019-11,99.2,99.6,2087.96,632.99,3140.97998046875,8665.4697265625,1177.010009765625,10.747190475463867
2019-12,99.5,100.1,2197.67,669.83,3230.780029296875,8972.599609375,1156.3499755859375,10.62109088897705
2020-01,99.5,100.3,2119.01,642.48,3225.52001953125,9150.9404296875,1187.1199951171875,10.902861595153809
2020-02,99.5,99.6,1987.01,610.73,2954.219970703125,8567.3701171875,1211.31005859375,11.0450439453125
2020-03,99.1,98.4,1754.64,569.07,2584.590087890625,7700.10009765625,1216.6600341796875,11.316766738891602
2020-04,98.8,97.3,1947.56,645.18,2912.429931640625,8889.5498046875,1212.9599609375,11.304919242858887
2020-05,98.5,96.4,2029.6,713.68,3044.31005859375,9489.8701171875,1230.469970703125,11.423863410949707
2020-06,98.7,96.5,2108.33,737.97,3100.2900390625,10058.76953125,1198.3900146484375,11.096510887145996
2020-07,99.0,96.6,2249.37,815.3,3271.1201171875,10745.26953125,1189.56005859375,11.355191230773926
2020-08,99.5,97.0,2326.17,848.24,3500.31005859375,11775.4599609375,1187.0400390625,11.197234153747559
2020-09,99.8,97.4,2327.89,848.15,3363.0,11167.509765625,1163.780029296875,11.03590202331543
2020-10,100.2,97.8,2267.15,792.65,3269.9599609375,10911.58984375,1129.52001953125,10.803110122680664
2020-11,100.7,98.4,2591.34,886.11,3621.6298828125,12198.740234375,1104.3299560546875,10.597391128540039
2020-12,101.0,98.5,2873.47,968.42,3756.070068359375,12888.2802734375,1086.4200439453125,10.548276901245117
2021-01,101.3,98.1,2976.21,928.73,3714.239990234375,13070.6904296875,1112.2900390625,10.663925170898438
2021-02,101.6,98.2,3012.95,913.94,3811.14990234375,13192.349609375,1119.1300048828125,10.520008087158203
2021-03,101.9,98.5,3061.42,956.17,3972.889892578125,13246.8701171875,1127.199951171875,10.177050590515137
2021-04,102.3,99.4,3147.86,983.45,4181.169921875,13962.6796875,1106.6300048828125,10.161754608154297
2021-05,102.6,99.5,3203.92,981.78,4204.10986328125,13748.740234375,1106.97998046875,10.109959602355957
2021-06,102.8,99.5,3296.68,1029.96,4297.5,14503.9501953125,1129.5999755859375,10.164042472839355
2021-07,102.7,99.4,3202.32,1031.14,4395.259765625,14672.6796875,1142.1199951171875,10.438970565795898
2021-08,102.4,99.5,3199.27,1038.33,4522.68017578125,15259.240234375,1158.4100341796875,10.525254249572754
2021-09,102.0,99.4,3068.82,1003.27,4307.5400390625,14448.580078125,1183.719970703125,10.6300687789917
2021-10,101.6,99.6,2970.68,992.33,4605.3798828125,15498.3896484375,1167.3699951171875,10.274797439575195
2021-11,101.3,99.9,2839.01,965.63,4567.0,15537.6904296875,1190.739990234375,10.463214874267578
2021-12,101.2,100.7,2977.65,1033.98,4766.18017578125,15644.9697265625,1189.8900146484375,10.3381929397583
2022-01,101.2,101.1,2663.34,872.87,4515.5498046875,14239.8798828125,1207.7099609375,10.47781753540039
2022-02,100.9,101.3,2699.18,881.07,4373.93994140625,13751.400390625,1197.5899658203125,10.347432136535645
2022-03,100.7,101.0,2757.65,944.53,4530.41015625,14220.51953125,1214.5,9.974621772766113
2022-04,100.5,100.6,2695.05,904.75,4131.93017578125,12334.6396484375,1272.2900390625,9.72639274597168
2022-05,100.6,100.7,2685.9,893.36,4132.14990234375,12081.3896484375,1241.739990234375,9.6454439163208
2022-06,100.7,100.8,2332.64,745.44,3785.3798828125,11028.740234375,1287.7099609375,9.483098983764648
2022-07,100.4,101.0,2451.5,803.62,4130.2900390625,12390.6904296875,1302.280029296875,9.760645866394043
2022-08,100.3,101.4,2472.05,807.04,3955.0,11816.2001953125,1342.260009765625,9.635128021240234
2022-09,100.3,101.3,2155.49,672.65,3585.6201171875,10575.6201171875,1430.1700439453125,9.902406692504883
2022-10,100.3,101.2,2293.61,695.33,3871.97998046875,10988.150390625,1421.6500244140625,9.61769962310791
2022-11,100.1,100.7,2472.53,729.54,4080.110107421875,11468.0,1325.3699951171875,9.55194091796875
2022-12,99.6,100.2,2236.4,679.29,3839.5,10466.48046875,1260.260009765625,9.479631423950195
2023-01,99.3,99.8,2425.08,740.49,4076.60009765625,11584.5498046875,1231.5,9.437504768371582
2023-02,99.0,100.0,2412.85,791.6,3970.14990234375,11455.5400390625,1318.3499755859375,9.666666984558105
2023-03,98.8,100.3,2476.86,847.52,4109.31005859375,12221.91015625,1296.5,9.731876373291016
2023-04,98.6,100.5,2501.53,842.83,4169.47998046875,12226.580078125,1337.1700439453125,9.804341316223145
2023-05,98.7,100.6,2577.12,856.94,4179.830078125,12935.2900390625,1321.739990234375,9.499489784240723
2023-06,99.1,100.5,2564.28,868.24,4450.3798828125,13787.919921875,1323.0699462890625,9.137918472290039
2023-07,99.4,100.1,2632.58,935.97,4588.9599609375,14346.01953125,1277.9300537109375,8.978894233703613
2023-08,99.4,100.0,2556.27,928.4,4507.66015625,14034.9697265625,1324.6400146484375,9.105712890625
2023-09,99.6,99.8,2465.07,841.02,4288.0498046875,13219.3203125,1347.8499755859375,9.021788597106934
2023-10,99.8,99.9,2277.99,736.1,4193.7998046875,12851.240234375,1348.0699462890625,9.040654182434082
2023-11,100.1,99.9,2535.29,831.68,4567.7998046875,14226.2197265625,1288.3599853515625,8.763460159301758
2023-12,100.2,99.8,2655.28,866.57,4769.830078125,15011.349609375,1277.8399658203125,9.0348539352417
2024-01,100.2,99.9,2497.09,799.24,4845.64990234375,15164.009765625,1326.6199951171875,9.000929832458496
2024-02,100.4,100.1,2642.36,862.96,5096.27001953125,16091.919921875,1333.3800048828125,8.851492881774902
2024-03,100.2,99.8,2746.63,905.5,5254.35009765625,16379.4599609375,1345.31005859375,8.886093139648438
2024-04,100.5,99.7,2692.06,868.93,5035.68994140625,15657.8203125,1385.4599609375,8.784050941467285
2024-05,100.5,99.1,2636.52,839.98,5277.509765625,16735.01953125,1375.6199951171875,8.764226913452148
2024-06,100.7,99.0,2797.82,840.44,5460.47998046875,17732.599609375,1380.2900390625,8.578397750854492
2024-07,100.7,98.3,2770.69,803.15,5522.2998046875,17599.400390625,1367.9200439453125,9.134660720825195
2024-08,100.6,98.2,2674.31,767.66,5648.39990234375,17713.619140625,1332.8800048828125,9.198555946350098
2024-09,,,2593.27,763.88,5762.47998046875,18189.169921875,1315.3299560546875,9.1535062789917
2024-10,,,2604.92,759.95,5864.669921875,18489.55078125,1377.300048828125,9.156999588012695
