날짜,시가,고가,저가,종가,거래량,등락률,BPS,PER,PBR,EPS,DIV,DPS,기관합계_거래량_순매수,기타법인_거래량_순매수,개인_거래량_순매수,외국인합계_거래량_순매수,전체_거래량_순매수,기관합계_거래량_매수,기타법인_거래량_매수,개인_거래량_매수,외국인합계_거래량_매수,전체_거래량_매수,기관합계_거래량_매도,기타법인_거래량_매도,개인_거래량_매도,외국인합계_거래량_매도,전체_거래량_매도,기관합계_거래대금_순매수,기타법인_거래대금_순매수,개인_거래대금_순매수,외국인합계_거래대금_순매수,전체_거래대금_순매수,기관합계_거래대금_매수,기타법인_거래대금_매수,개인_거래대금_매수,외국인합계_거래대금_매수,전체_거래대금_매수,기관합계_거래대금_매도,기타법인_거래대금_매도,개인_거래대금_매도,외국인합계_거래대금_매도,전체_거래대금_매도
2023-07-24,54500,69200,32600,32600,7348742,,10616,29.94,3.07,1089,0.0,0,-117688,-87055,216456,-11713,0,7888,12759,7300036,28059,7348742,125576,99814,7083580,39772,7348742,-6904966550,-5065745150,12702621350,-731909650,0,471529150,734428500,405195346500,1594350250,407995654400,7376495700,5800173650,392492725150,2326259900,407995654400
2023-07-25,30150,31150,26050,26400,863519,-19.018404907975462,10616,24.24,2.49,1089,0.0,0,-4990,3248,1469,273,0,556,5965,846037,10961,863519,5546,2717,844568,10688,863519,-140748000,87296850,50611750,2839400,0,14879850,169173000,24193095550,307276100,24684424500,155627850,81876150,24142483800,304436700,24684424500
2023-07-26,25600,26050,20200,21550,525427,-18.37121212121212,10616,19.79,2.03,1089,0.0,0,-18,0,-839,857,0,300,0,510435,14692,525427,318,0,511274,13835,525427,-404500,0,-11703500,12108000,0,6385000,0,11624976900,325486200,11956848100,6789500,0,11636680400,313378200,11956848100
2023-07-27,21200,24200,20850,22350,368416,3.7122969837587005,10616,20.52,2.11,1089,0.0,0,73,1063,-2443,1307,0,100,1063,352653,14600,368416,27,0,355096,13293,368416,1604000,23929050,-56478500,30945450,0,2200000,23929050,7847180350,324317400,8197626800,596000,0,7903658850,293371950,8197626800
2023-07-28,22000,22550,21250,21300,167533,-4.697986577181208,10616,19.56,2.01,1089,0.0,0,497,88,-1128,543,0,500,154,159705,7174,167533,3,66,160833,6631,167533,10839450,1896950,-21793200,9056800,0,10905500,3317900,3477152350,154419400,3645795150,66050,1420950,3498945550,145362600,3645795150
2023-07-31,21350,24500,20850,23150,406172,8.685446009389672,10616,21.26,2.18,1089,0.0,0,11359,1687,-18572,5526,0,11367,2407,371642,20756,406172,8,720,390214,15230,406172,265707650,38912950,-428278850,123658250,0,265901850,56014100,8572989500,478985900,9373891350,194200,17101150,9001268350,355327650,9373891350
2023-08-01,23000,24150,22300,22650,137033,-2.159827213822894,10616,20.8,2.13,1089,0.0,0,143,-1050,-248,1155,0,300,198,124642,11893,137033,157,1248,124890,10738,137033,3093400,-24204100,-6781100,27891800,0,6797100,4662700,2888537250,276745750,3176742800,3703700,28866800,2895318350,248853950,3176742800
2023-08-02,22800,24700,22500,23100,216141,1.9867549668874174,10616,21.21,2.18,1089,0.0,0,-6,-103,2102,-1993,0,0,216,187584,28341,216141,6,319,185482,30334,216141,-139500,-2484300,44197750,-41573950,0,0,5003950,4400795550,670703350,5076502850,139500,7488250,4356597800,712277300,5076502850
2023-08-03,22700,22850,21600,21650,92742,-6.277056277056277,10616,19.88,2.04,1089,0.0,0,173,-431,5417,-5159,0,200,16,86777,5749,92742,27,447,81360,10908,92742,3801000,-9639750,119881300,-114042550,0,4405000,358200,1912612450,127569300,2044944950,604000,9997950,1792731150,241611850,2044944950
2023-08-04,21650,24450,21650,23650,326085,9.237875288683602,10616,21.72,2.23,1089,0.0,0,5153,1699,-43388,36536,0,5812,2313,263602,54358,326085,659,614,306990,17822,326085,118215200,40029750,-1015539500,857294550,0,133734850,54593150,6207082100,1277401650,7672811750,15519650,14563400,7222621600,420107100,7672811750
2023-08-07,23550,24800,23000,24700,196699,4.439746300211417,10616,22.68,2.33,1089,0.0,0,-812,-1505,30564,-28247,0,1,519,176927,19252,196699,813,2024,146363,47499,196699,-19048500,-35870250,726297950,-671379200,0,23300,12310650,4235837700,462278150,4710449800,19071800,48180900,3509539750,1133657350,4710449800
2023-08-08,24950,25950,23100,23100,247958,-6.477732793522267,10616,21.21,2.18,1089,0.0,0,-154,-252,11025,-10619,0,299,187,236049,11423,247958,453,439,225024,22042,247958,-4254650,-6333250,275630450,-265042550,0,7259900,4594150,5766056100,281911250,6059821400,11514550,10927400,5490425650,546953800,6059821400
2023-08-09,23300,23700,22800,23000,57415,-0.4329004329004329,10616,21.12,2.17,1089,0.0,0,2708,-3,-3576,871,0,2708,21,52347,2339,57415,0,24,55923,1468,57415,62505000,-78300,-82206800,19780100,0,62505000,482250,1214737400,53867750,1331592400,0,560550,1296944200,34087650,1331592400
2023-08-10,25000,29900,24250,29900,1405203,30.0,10616,27.46,2.82,1089,0.0,0,-13444,-42921,56000,365,0,8808,3195,1345256,47944,1405203,22252,46116,1289256,47579,1405203,-348796000,-1224649450,1559834950,13610500,0,254017650,87624700,37555757650,1325934350,39223334350,602813650,1312274150,35995922700,1312323850,39223334350
2023-08-11,33000,37450,30500,31100,1609501,4.013377926421405,10616,28.56,2.93,1089,0.0,0,-5154,-3777,-14235,23166,0,517,3055,1537149,68780,1609501,5671,6832,1551384,45614,1609501,-175543350,-134773750,-404945750,715262850,0,17748450,105804200,52655899750,2288462100,55067914500,193291800,240577950,53060845500,1573199250,55067914500
2023-08-14,32900,35100,30200,31600,557412,1.607717041800643,10616,29.02,2.98,1089,0.0,0,859,800,18577,-20236,0,861,1008,513703,41840,557412,2,208,495126,62076,557412,27987350,25623200,635525300,-689135850,0,28050100,32584200,16822226700,1347490550,18230351550,62750,6961000,16186701400,2036626400,18230351550
2023-08-16,33100,33100,30150,30350,225001,-3.9556962025316458,10616,27.87,2.86,1089,0.0,0,1942,34,-349,-1627,0,1962,34,208997,14008,225001,20,0,209346,15635,225001,59527350,1040400,-2579350,-57988400,0,60137600,1040400,6537890850,432145700,7031214550,610250,0,6540470200,490134100,7031214550
2023-08-17,28700,29000,25850,26500,227142,-12.685337726523887,10616,24.33,2.5,1089,0.0,0,344,-2,-21566,21224,0,500,34,189628,36980,227142,156,36,211194,15756,227142,9144400,-135600,-569745800,560737000,0,13450000,897600,5116449100,988177100,6118973800,4305600,1033200,5686194900,427440100,6118973800
2023-08-18,27400,31700,26100,26400,685367,-0.37735849056603776,10616,24.24,2.49,1089,0.0,0,-560,-1132,19713,-18021,0,12,1760,649741,33854,685367,572,2892,630028,51875,685367,-17589200,-37431550,586815000,-531794250,0,320550,50844800,18869009950,942075150,19862250450,17909750,88276350,18282194950,1473869400,19862250450
2023-08-21,27450,28700,25650,25700,216736,-2.6515151515151514,10616,23.6,2.42,1089,0.0,0,0,-875,5247,-4372,0,0,0,199148,17588,216736,0,875,193901,21960,216736,0,-23234350,128758650,-105524300,0,0,0,5316550600,480163200,5796713800,0,23234350,5187791950,585687500,5796713800
2023-08-22,27000,27100,25800,26800,135258,4.280155642023346,10616,24.61,2.52,1089,0.0,0,-1360,0,1775,-415,0,0,0,129527,5731,135258,1360,0,127752,6146,135258,-35836000,0,47060500,-11224500,0,0,0,3416989600,150788300,3567777900,35836000,0,3369929100,162012800,3567777900
2023-08-23,26050,26550,25500,25550,160578,-4.664179104477612,10616,23.46,2.41,1089,0.0,0,0,0,-2954,2954,0,0,240,146271,14067,160578,0,240,149225,11113,160578,0,183500,-78378050,78194550,0,0,6353000,3794758400,366242350,4167353750,0,6169500,3873136450,288047800,4167353750
2023-08-24,25000,26150,23000,25450,111161,-0.3913894324853229,10616,23.37,2.4,1089,0.0,0,1051,142,1075,-2268,0,5662,300,96614,8585,111161,4611,158,95539,10853,111161,26007600,3620800,31660250,-61288650,0,139896200,7680000,2417253500,213054250,2777883950,113888600,4059200,2385593250,274342900,2777883950
2023-08-25,25150,26650,24800,25700,155379,0.9823182711198428,10616,23.6,2.42,1089,0.0,0,-503,2048,-7260,5715,0,5375,2296,122837,24871,155379,5878,248,130097,19156,155379,-13434100,52681200,-186351300,147104200,0,139315600,59135700,3195385300,646831400,4040668000,152749700,6454500,3381736600,499727200,4040668000
2023-08-28,26800,27300,25900,26000,118188,1.1673151750972763,10616,23.88,2.45,1089,0.0,0,-2026,-79,5346,-3241,0,3001,600,105592,8995,118188,5027,679,100246,12236,118188,-53199250,-1919700,141298100,-86179150,0,80891800,16130000,2798520350,239089450,3134631600,134091050,18049700,2657222250,325268600,3134631600
2023-08-29,26200,26500,25050,25500,73887,-1.9230769230769231,10616,23.42,2.4,1089,0.0,0,6800,20,-6797,-23,0,7001,150,59541,7195,73887,201,130,66338,7218,73887,175510400,463800,-173064700,-2909500,0,180653950,3882200,1535536850,185286150,1905359150,5143550,3418400,1708601550,188195650,1905359150
2023-08-30,25550,27850,25000,27550,159760,8.03921568627451,10616,25.3,2.6,1089,0.0,0,-2337,-503,-4187,7027,0,1300,120,142990,15350,159760,3637,623,147177,8323,159760,-64716150,-12822800,-113749900,191288850,0,33580500,3173000,3769208150,409772100,4215733750,98296650,15995800,3882958050,218483250,4215733750
2023-08-31,27000,27950,26400,27550,123659,0.0,10616,25.3,2.6,1089,0.0,0,-58,-1645,7474,-5771,0,1074,0,114828,7757,123659,1132,1645,107354,13528,123659,-2033800,-45345500,206637250,-159257950,0,29070100,0,3150334750,209816900,3389221750,31103900,45345500,2943697500,369074850,3389221750
2023-09-01,28950,29500,26900,27000,177804,-1.9963702359346642,10616,24.79,2.54,1089,0.0,0,-8909,-3903,17460,-4648,0,936,0,169039,7829,177804,9845,3903,151579,12477,177804,-250821750,-110603050,497284250,-135859450,0,26863200,0,4762580600,219725000,5009168800,277684950,110603050,4265296350,355584450,5009168800
2023-09-04,26550,26800,25700,26400,72028,-2.2222222222222223,10616,24.24,2.49,1089,0.0,0,-300,0,-1232,1532,0,0,0,66096,5932,72028,300,0,67328,4400,72028,-7800000,0,-31463150,39263150,0,0,0,1727017800,154781300,1881799100,7800000,0,1758480950,115518150,1881799100
2023-09-05,26350,26850,25700,26000,56577,-1.5151515151515151,10616,23.88,2.45,1089,0.0,0,-835,0,334,501,0,1,0,51074,5502,56577,836,0,50740,5001,56577,-21624950,0,8403450,13221500,0,26050,0,1332387700,144163150,1476576900,21651000,0,1323984250,130941650,1476576900
2023-09-06,25850,27900,25850,27550,113020,5.961538461538462,10616,25.3,2.6,1089,0.0,0,-33,-759,-16070,16862,0,216,341,89659,22804,113020,249,1100,105729,5942,113020,-983650,-20773000,-434541750,456298400,0,5849750,9452000,2425645750,616548600,3057496100,6833400,30225000,2860187500,160250200,3057496100
2023-09-07,27700,27750,25850,25950,95162,-5.807622504537205,10616,23.83,2.44,1089,0.0,0,-12315,-158,28147,-15674,0,130,39,90894,4099,95162,12445,197,62747,19773,95162,-322919350,-4228800,745399800,-418251650,0,3467000,1021800,2406797650,109445500,2520731950,326386350,5250600,1661397850,527697150,2520731950
2023-09-08,26050,26550,25150,25700,58833,-0.9633911368015413,10616,23.6,2.42,1089,0.0,0,543,-899,-3192,3548,0,551,0,50083,8199,58833,8,899,53275,4651,58833,14212050,-23133050,-82268250,91189250,0,14418100,0,1291763350,211880600,1518062050,206050,23133050,1374031600,120691350,1518062050
2023-09-11,25750,27900,25750,27000,144764,5.058365758754864,10616,24.79,2.54,1089,0.0,0,0,1000,-2601,1601,0,96,1000,123720,19948,144764,96,0,126321,18347,144764,-48000,26552500,-64157700,37653200,0,2476800,26552500,3317724900,532808700,3879562900,2524800,0,3381882600,495155500,3879562900
2023-09-12,26500,27450,26250,26600,65714,-1.4814814814814816,10616,24.43,2.51,1089,0.0,0,-1465,-156,406,1215,0,1,250,55947,9516,65714,1466,406,55541,8301,65714,-38946050,-4221400,12467250,30700200,0,26650,6600000,1493557450,253416150,1753600250,38972700,10821400,1481090200,222715950,1753600250
2023-09-13,26600,27550,26000,26000,62278,-2.2556390977443606,10616,23.88,2.45,1089,0.0,0,-1156,0,3579,-2423,0,0,0,57311,4967,62278,1156,0,53732,7390,62278,-30095000,0,93944000,-63849000,0,0,0,1524279050,133171300,1657450350,30095000,0,1430335050,197020300,1657450350
2023-09-14,26000,26200,25700,25950,33780,-0.19230769230769232,10616,23.83,2.44,1089,0.0,0,-1239,0,1309,-70,0,0,0,31184,2596,33780,1239,0,29875,2666,33780,-32181900,0,33888300,-1706400,0,0,0,808026400,67322400,875348800,32181900,0,774138100,69028800,875348800
2023-09-15,26050,26900,25900,26500,39619,2.119460500963391,10616,24.33,2.5,1089,0.0,0,-251,-500,-3722,4473,0,1188,0,30104,8327,39619,1439,500,33826,3854,39619,-6577700,-13450000,-98213750,118241450,0,31519200,0,797943600,220234300,1049697100,38096900,13450000,896157350,101992850,1049697100
2023-09-18,26700,27200,26150,26600,49485,0.37735849056603776,10616,24.43,2.51,1089,0.0,0,50,-2978,1474,1454,0,50,0,43762,5673,49485,0,2978,42288,4219,49485,1322500,-79976600,39093550,39560550,0,1322500,0,1163697050,151889750,1316909300,0,79976600,1124603500,112329200,1316909300
2023-09-19,26600,26850,25650,25650,50908,-3.571428571428571,10616,23.55,2.42,1089,0.0,0,0,0,9757,-9757,0,0,0,49618,1290,50908,0,0,39861,11047,50908,0,0,253774400,-253774400,0,0,0,1286204000,34031700,1320235700,0,0,1032429600,287806100,1320235700
2023-09-20,25500,25800,24450,24600,42193,-4.093567251461988,10616,22.59,2.32,1089,0.0,0,0,0,566,-566,0,0,0,40726,1467,42193,0,0,40160,2033,42193,0,0,14184600,-14184600,0,0,0,1011905100,36570250,1048475350,0,0,997720500,50754850,1048475350
2023-09-21,24450,24450,22800,22900,53552,-6.910569105691057,10616,21.03,2.16,1089,0.0,0,-50,0,525,-475,0,158,0,48807,4587,53552,208,0,48282,5062,53552,-1104900,0,11965900,-10861000,0,3720400,0,1138213800,107279050,1249213250,4825300,0,1126247900,118140050,1249213250
2023-09-22,22350,23750,22350,23200,20497,1.3100436681222707,10616,21.3,2.19,1089,0.0,0,0,0,-1521,1521,0,1,0,17287,3209,20497,1,0,18808,1688,20497,-200,0,-34088450,34088650,0,22750,0,396410150,73064400,469497300,22950,0,430498600,38975750,469497300
2023-09-25,23700,24200,22900,23450,28252,1.0775862068965518,10616,21.53,2.21,1089,0.0,0,257,-200,1327,-1384,0,258,0,25843,2151,28252,1,200,24516,3535,28252,6129350,-4656250,31738250,-33211350,0,6152700,0,608787250,50524250,665464200,23350,4656250,577049000,83735600,665464200
2023-09-26,23200,23300,22400,22400,19982,-4.477611940298507,10616,20.57,2.11,1089,0.0,0,-207,0,-378,585,0,0,0,18794,1188,19982,207,0,19172,603,19982,-4636800,0,-8469050,13105850,0,0,0,424089100,26795350,450884450,4636800,0,432558150,13689500,450884450
2023-09-27,22050,23000,21900,22800,16406,1.7857142857142856,10616,20.94,2.15,1089,0.0,0,500,0,-2107,1607,0,500,0,12600,3306,16406,0,0,14707,1699,16406,11239900,0,-47178450,35938550,0,11239900,0,280687200,73548900,365476000,0,0,327865650,37610350,365476000
2023-10-04,22750,22750,21000,21000,22782,-7.894736842105263,10616,19.28,1.98,1089,0.0,0,1,5,2459,-2465,0,3,23,21236,1520,22782,2,18,18777,3985,22782,22650,114500,54199150,-54336300,0,65250,499700,457973150,32752600,491290700,42600,385200,403774000,87088900,491290700
2023-10-05,21550,21550,20000,20000,22374,-4.761904761904762,10616,18.37,1.88,1089,0.0,0,-1,-5,198,-192,0,0,0,20688,1686,22374,1,5,20490,1878,22374,-21150,-105750,4251400,-4124500,0,0,0,425627750,34943700,460571450,21150,105750,421376350,39068200,460571450
2023-10-06,20000,21150,20000,20800,17561,4.0,10616,19.1,1.96,1089,0.0,0,211,-23,-8189,8001,0,212,77,8723,8549,17561,1,100,16912,548,17561,4397750,-488900,-170081000,166172150,0,4418500,1599350,180180600,177579000,363777450,20750,2088250,350261600,11406850,363777450
2023-10-10,21000,21200,19500,19530,20820,-6.105769230769231,10616,17.93,1.84,1089,0.0,0,-9,-887,219,677,0,10,113,14670,6027,20820,19,1000,14451,5350,20820,-192400,-17798260,5403190,12587470,0,197040,2232590,295010590,121246180,418686400,389440,20030850,289607400,108658710,418686400
2023-10-11,19980,20300,19720,19960,8018,2.2017409114183306,10616,18.33,1.88,1089,0.0,0,26,-300,-3360,3634,0,27,0,4287,3704,8018,1,300,7647,70,8018,522120,-6022950,-67249170,72750000,0,542090,0,85807090,74157070,160506250,19970,6022950,153056260,1407070,160506250
2023-10-12,20050,20750,20050,20700,8555,3.707414829659319,10616,19.01,1.95,1089,0.0,0,-21,0,-3081,3102,0,0,0,4992,3563,8555,21,0,8073,461,8555,-430400,0,-62757000,63187400,0,0,0,102304400,72629200,174933600,430400,0,165061400,9441800,174933600
2023-10-13,20300,20350,19600,19640,22931,-5.120772946859904,10616,18.03,1.85,1089,0.0,0,-201,-190,12529,-12138,0,0,0,22379,552,22931,201,190,9850,12690,22931,-3961830,-3756490,247455420,-239737100,0,0,0,442710300,11036500,453746800,3961830,3756490,195254880,250773600,453746800
2023-10-16,19540,19540,18810,19000,16466,-3.2586558044806515,10616,17.45,1.79,1089,0.0,0,24,0,-268,244,0,68,0,13818,2580,16466,44,0,14086,2336,16466,453990,0,-5002970,4548980,0,1287350,0,262044810,48983110,312315270,833360,0,267047780,44434130,312315270
2023-10-17,19400,19840,19210,19610,13240,3.2105263157894735,10616,18.01,1.85,1089,0.0,0,-497,0,-5959,6456,0,3,0,6062,7175,13240,500,0,12021,719,13240,-9746420,0,-116955310,126701730,0,58980,0,118816220,140770670,259645870,9805400,0,235771530,14068940,259645870
2023-10-18,19650,19770,18410,18460,16007,-5.864354920958695,10616,16.95,1.74,1089,0.0,0,-26,-100,6183,-6057,0,0,0,15491,516,16007,26,100,9308,6573,16007,-494220,-1862680,118636690,-116279790,0,0,0,294533020,9732740,304265760,494220,1862680,175896330,126012530,304265760
2023-10-19,18460,18460,17350,17350,21291,-6.013001083423618,10616,15.93,1.63,1089,0.0,0,336,0,-2822,2486,0,843,5,15773,4670,21291,507,5,18595,2184,21291,6009450,-250,-49494220,43485020,0,14806750,87050,277110320,82255680,374259800,8797300,87300,326604540,38770660,374259800
2023-10-20,17350,17780,16750,17200,20534,-0.8645533141210375,10616,15.79,1.62,1089,0.0,0,-1202,30,-2790,3962,0,21,32,12411,8070,20534,1223,2,15201,4108,20534,-20636570,504100,-47596370,67728840,0,358340,538360,211423690,137864090,350184480,20994910,34260,259020060,70135250,350184480
2023-10-23,17190,17700,17030,17350,12164,0.872093023255814,10616,15.93,1.63,1089,0.0,0,-7,-6,-3528,3541,0,1,0,7652,4511,12164,8,6,11180,970,12164,-121480,-103800,-61373340,61598620,0,17460,0,132559500,78368210,210945170,138940,103800,193932840,16769590,210945170
2023-10-24,17200,17700,16320,17490,32824,0.8069164265129682,10616,16.06,1.65,1089,0.0,0,-5283,-24,2138,3169,0,0,0,20740,12084,32824,5283,24,18602,8915,32824,-89712550,-416020,34296680,55831890,0,0,0,351350780,206347500,557698280,89712550,416020,317054100,150515610,557698280
2023-10-25,17500,22500,17210,20350,520913,16.352201257861633,10616,18.69,1.92,1089,0.0,0,-13443,809,22093,-9459,0,16,1318,480058,39521,520913,13459,509,457965,48980,520913,-269662370,16411490,466194780,-212943900,0,317220,26985680,10126187460,808107740,10961598100,269979590,10574190,9659992680,1021051640,10961598100
2023-10-26,19160,19490,18070,18270,100944,-10.221130221130222,10616,16.78,1.72,1089,0.0,0,-556,-1047,-4316,5919,0,845,1436,77811,20852,100944,1401,2483,82127,14933,100944,-10877410,-18199780,-78011430,107088620,0,15933350,27509760,1464790480,389297590,1897531180,26810760,45709540,1542801910,282208970,1897531180
2023-10-27,18190,18360,17240,17340,37600,-5.0903119868637114,10616,15.92,1.63,1089,0.0,0,-183,-5,-2802,2990,0,35,18,27670,9877,37600,218,23,30472,6887,37600,-3250820,-89270,-50080600,53420690,0,618320,315720,488411520,175007960,664353520,3869140,404990,538492120,121587270,664353520
2023-10-30,17520,18230,17200,17730,29903,2.249134948096886,10616,16.28,1.67,1089,0.0,0,33,0,-10641,10608,0,593,0,15565,13745,29903,560,0,26206,3137,29903,719730,0,-187625640,186905910,0,10636770,0,273947980,241945970,526530720,9917040,0,461573620,55040060,526530720
2023-10-31,18200,23000,17970,20900,1606929,17.87930062041737,10616,19.19,1.97,1089,0.0,0,-28287,-498,55099,-26314,0,1810,34441,1470689,99989,1606929,30097,34939,1415590,126303,1606929,-624733570,-9487820,1205430100,-571208710,0,36012400,786606530,31559863910,2098919980,34481402820,660745970,796094350,30354433810,2670128690,34481402820
2023-11-01,20500,23200,20350,22200,480823,6.220095693779904,10616,20.39,2.09,1089,0.0,0,-986,4153,-29778,26611,0,1092,5198,386810,87723,480823,2078,1045,416588,61112,480823,-21404850,91942700,-634018750,563480900,0,24122700,115239100,8519902600,1921530250,10580794650,45527550,23296400,9153921350,1358049350,10580794650
2023-11-02,22200,22250,20600,21650,201805,-2.4774774774774775,10616,19.88,2.04,1089,0.0,0,-40,-1589,-13937,15566,0,117,140,156153,45395,201805,157,1729,170090,29829,201805,-907700,-34479800,-295042600,330430100,0,2474550,3006700,3357131000,972372200,4334984450,3382250,37486500,3652173600,641942100,4334984450
2023-11-03,22100,22500,21100,22500,136939,3.9260969976905313,10616,20.66,2.12,1089,0.0,0,6,545,-2786,2235,0,123,1241,111400,24175,136939,117,696,114186,21940,136939,59200,12030550,-59736650,47646900,0,2622400,27098950,2432174100,526434350,2988329800,2563200,15068400,2491910750,478787450,2988329800
2023-11-06,22400,22400,20700,21900,149387,-2.666666666666667,10616,20.11,2.06,1089,0.0,0,-1051,-52,17646,-16543,0,116,1040,128890,19341,149387,1167,1092,111244,35884,149387,-22575100,-1341650,381649500,-357732750,0,2480800,21894500,2758762000,411021750,3194159050,25055900,23236150,2377112500,768754500,3194159050
2023-11-07,21800,22750,20800,22450,193514,2.5114155251141552,10616,20.62,2.11,1089,0.0,0,6,2272,-231,-2047,0,89,4711,151529,37185,193514,83,2439,151760,39232,193514,127700,50258150,-6902300,-43483550,0,1924650,103959650,3325123850,812788850,4243797000,1796950,53701500,3332026150,856272400,4243797000
2023-11-08,22200,22400,21500,21750,71883,-3.11804008908686,10616,19.97,2.05,1089,0.0,0,-7,-2304,18152,-15841,0,1,1166,66089,4627,71883,8,3470,47937,20468,71883,-152600,-49916000,395403750,-345335150,0,21550,25516900,1444033350,101708000,1571279800,174150,75432900,1048629600,447043150,1571279800
2023-11-09,21750,21750,20400,20450,47192,-5.977011494252873,10616,18.78,1.93,1089,0.0,0,8,1177,1376,-2561,0,128,2155,38841,6068,47192,120,978,37465,8629,47192,97050,25530550,27521100,-53148700,0,2670100,45726250,810393350,126881500,985671200,2573050,20195700,782872250,180030200,985671200
2023-11-10,19860,20900,19600,19900,47277,-2.689486552567237,10616,18.27,1.87,1089,0.0,0,-478,14,1466,-1002,0,144,14,38938,8181,47277,622,0,37472,9183,47277,-9674230,284900,30356530,-20967200,0,2860090,284900,784204650,164053360,951403000,12534320,0,753848120,185020560,951403000
2023-11-13,20000,20500,18440,18450,53655,-7.2864321608040195,10616,16.94,1.74,1089,0.0,0,8,-1356,-1382,2730,0,8,1,41529,12117,53655,0,1357,42911,9387,53655,153020,-26444410,-26922310,53213700,0,153020,20200,795530380,234021450,1029725050,0,26464610,822452690,180807750,1029725050
2023-11-14,18390,19440,18390,19140,25675,3.7398373983739837,10616,17.58,1.8,1089,0.0,0,23,4,-15315,15288,0,24,4,9164,16483,25675,1,0,24479,1195,25675,442640,77150,-293226990,292707200,0,461820,77150,175619500,315649840,491808310,19180,0,468846490,22942640,491808310
2023-11-15,19170,19530,19080,19490,17075,1.8286311389759664,10616,17.9,1.84,1089,0.0,0,-13,-3,-2190,2206,0,0,0,12391,4684,17075,13,3,14581,2478,17075,-250340,-57390,-42352530,42660260,0,0,0,238684260,90206990,328891250,250340,57390,281036790,47546730,328891250
2023-11-16,19680,19680,18750,18900,19903,-3.0271934325295025,10616,17.36,1.78,1089,0.0,0,-6,-2,461,-453,0,1,0,15139,4763,19903,7,2,14678,5216,19903,-114400,-38020,8884020,-8731600,0,19200,0,288299850,90770700,379089750,133600,38020,279415830,99502300,379089750
2023-11-17,18900,19500,17860,17950,64754,-5.026455026455026,10616,16.48,1.69,1089,0.0,0,10,10,9060,-9080,0,147,10,55154,9443,64754,137,0,46094,18523,64754,182510,180200,168326260,-168688970,0,2664950,180200,1011246730,171972530,1186064410,2482440,0,842920470,340661500,1186064410
2023-11-20,17960,18440,17550,18150,18853,1.1142061281337048,10616,16.67,1.71,1089,0.0,0,18,0,-3012,2994,0,18,0,14153,4682,18853,0,0,17165,1688,18853,326750,0,-54245550,53918800,0,326750,0,256228540,84363880,340919170,0,0,310474090,30445080,340919170
2023-11-21,18160,19040,18160,18520,32950,2.0385674931129474,10616,17.01,1.74,1089,0.0,0,-5,0,-6834,6839,0,1,0,22396,10553,32950,6,0,29230,3714,32950,-92740,0,-127844000,127936740,0,18680,0,416919730,196989580,613927990,111420,0,544763730,69052840,613927990
2023-11-22,18700,18700,17860,18080,25264,-2.375809935205184,10616,16.6,1.7,1089,0.0,0,-8,-14,8149,-8127,0,0,0,24172,1092,25264,8,14,16023,9219,25264,-144220,-251440,147677470,-147281810,0,0,0,436564390,19655460,456219850,144220,251440,288886920,166937270,456219850
2023-11-23,18010,18500,17900,18100,11888,0.11061946902654868,10616,16.62,1.7,1089,0.0,0,-80,0,-43,123,0,146,0,9506,2236,11888,226,0,9549,2113,11888,-1444650,0,-950730,2395380,0,2657440,0,172799560,40756670,216213670,4102090,0,173750290,38361290,216213670
2023-11-24,18100,18480,17910,17960,20704,-0.7734806629834254,10616,16.49,1.69,1089,0.0,0,0,0,-266,266,0,0,0,17970,2734,20704,0,0,18236,2468,20704,0,0,-4981390,4981390,0,0,0,324113790,49520450,373634240,0,0,329095180,44539060,373634240
2023-11-27,18000,18090,17400,17490,25559,-2.6169265033407574,10616,16.06,1.65,1089,0.0,0,-636,-1599,9228,-6993,0,2,0,25135,422,25559,638,1599,15907,7415,25559,-11216950,-28047500,163829490,-124565040,0,35620,0,444485880,7459700,451981200,11252570,28047500,280656390,132024740,451981200
2023-11-28,17610,17700,17250,17300,17104,-1.0863350485991996,10616,15.89,1.63,1089,0.0,0,-82,0,1929,-1847,0,5,0,16210,889,17104,87,0,14281,2736,17104,-1424000,0,33708050,-32284050,0,86680,0,281785230,15447200,297319110,1510680,0,248077180,47731250,297319110
2023-11-29,17490,17490,17190,17310,22734,0.05780346820809249,10616,15.9,1.63,1089,0.0,0,-8,-225,1219,-986,0,1,0,17910,4823,22734,9,225,16691,5809,22734,-138360,-3912750,20784540,-16733430,0,17280,0,309357350,83489680,392864310,155640,3912750,288572810,100223110,392864310
2023-11-30,17500,17690,17260,17310,14060,0.0,10616,15.9,1.63,1089,0.0,0,-1,0,1563,-1562,0,0,0,13481,579,14060,1,0,11918,2141,14060,-17320,0,27088230,-27070910,0,0,0,233747800,10067190,243814990,17320,0,206659570,37138100,243814990
2023-12-01,17340,17400,16810,16860,28886,-2.5996533795493932,10616,15.48,1.59,1089,0.0,0,0,0,5436,-5436,0,0,0,27976,910,28886,0,0,22540,6346,28886,0,0,92710150,-92710150,0,0,0,475588760,15573580,491162340,0,0,382878610,108283730,491162340
2023-12-04,16970,16970,16350,16380,20617,-2.8469750889679712,10616,15.04,1.54,1089,0.0,0,-122,0,-1284,1406,0,9,0,17495,3113,20617,131,0,18779,1707,20617,-2012830,0,-21122700,23135530,0,148590,0,288432290,51411860,339992740,2161420,0,309554990,28276330,339992740
2023-12-05,16070,16910,16070,16340,17114,-0.2442002442002442,10616,15.0,1.54,1089,0.0,0,8,-200,-2256,2448,0,8,0,12931,4175,17114,0,200,15187,1727,17114,131100,-3276000,-36806110,39951010,0,131100,0,210856270,68179760,279167130,0,3276000,247662380,28228750,279167130
2023-12-06,16740,16740,16130,16320,11996,-0.12239902080783352,10616,14.99,1.54,1089,0.0,0,-649,-48,554,143,0,2,0,9913,2081,11996,651,48,9359,1938,11996,-10612970,-788640,9056090,2345520,0,32610,0,162247110,34062500,196342220,10645580,788640,153191020,31716980,196342220
2023-12-07,16550,16570,16130,16230,10328,-0.5514705882352942,10616,14.9,1.53,1089,0.0,0,0,0,2143,-2143,0,0,0,10294,34,10328,0,0,8151,2177,10328,0,0,34822970,-34822970,0,0,0,166857930,551620,167409550,0,0,132034960,35374590,167409550
2023-12-08,16220,16590,16100,16390,18201,0.9858287122612447,10616,15.05,1.54,1089,0.0,0,-144,0,-3636,3780,0,1,0,12529,5671,18201,145,0,16165,1891,18201,-2341680,0,-59426340,61768020,0,16480,0,204394460,92597580,297008520,2358160,0,263820800,30829560,297008520
2023-12-11,16500,16810,16300,16480,18114,0.5491153142159854,10616,15.13,1.55,1089,0.0,0,-104,0,-5529,5633,0,0,0,11577,6537,18114,104,0,17106,904,18114,-1716470,0,-91667960,93384430,0,0,0,191633340,108332840,299966180,1716470,0,283301300,14948410,299966180
2023-12-12,16500,16590,16120,16290,13575,-1.1529126213592233,10616,14.96,1.53,1089,0.0,0,-3,6,2073,-2076,0,0,6,12407,1162,13575,3,0,10334,3238,13575,-48810,97560,33879600,-33928350,0,0,97560,201884020,18908620,220890200,48810,0,168004420,52836970,220890200
2023-12-13,16290,16290,15860,15910,16459,-2.332719459791283,10616,14.61,1.5,1089,0.0,0,-315,-374,3459,-2770,0,3,0,15656,800,16459,318,374,12197,3570,16459,-5069070,-6013490,55817280,-44734720,0,48510,0,251827150,12780750,264656410,5117580,6013490,196009870,57515470,264656410
2023-12-14,15970,16320,15920,16070,14722,1.005656819610308,10616,14.76,1.51,1089,0.0,0,327,-6,-1899,1578,0,327,0,10932,3463,14722,0,6,12831,1885,14722,5272420,-97140,-30931160,25755880,0,5272420,0,175940360,56040390,237253170,0,97140,206871520,30284510,237253170
2023-12-15,16080,16350,16030,16200,8131,0.8089607965152459,10616,14.88,1.53,1089,0.0,0,250,-60,-2083,1893,0,250,0,5058,2823,8131,0,60,7141,930,8131,4051230,-975100,-33861560,30785430,0,4051230,0,81655360,45805880,131512470,0,975100,115516920,15020450,131512470
2023-12-18,16650,16870,16200,16700,23267,3.0864197530864197,10616,15.34,1.57,1089,0.0,0,-243,0,-2246,2489,0,1,0,17895,5371,23267,244,0,20141,2882,23267,-4036460,0,-37428910,41465370,0,16830,0,298592760,89180040,387789630,4053290,0,336021670,47714670,387789630
2023-12-19,16700,16870,16450,16850,14051,0.8982035928143712,10616,15.47,1.59,1089,0.0,0,-172,0,-2455,2627,0,1,0,10615,3435,14051,173,0,13070,808,14051,-2888680,0,-41060870,43949550,0,16780,0,177845380,57469280,235331440,2905460,0,218906250,13519730,235331440
2023-12-20,16730,17730,16730,17070,58240,1.3056379821958457,10616,15.67,1.61,1089,0.0,0,-3,0,1253,-1250,0,0,0,48621,9619,58240,3,0,47368,10869,58240,-51720,0,22081840,-22030120,0,0,0,844244530,166794700,1011039230,51720,0,822162690,188824820,1011039230
2023-12-21,16880,17190,16700,16880,13751,-1.1130638547158758,10616,15.5,1.59,1089,0.0,0,-3,750,1805,-2552,0,0,1000,11120,1631,13751,3,250,9315,4183,13751,-50510,12595000,30401810,-42946300,0,0,16770000,187293660,27431050,231494710,50510,4175000,156891850,70377350,231494710
2023-12-22,16890,17050,16670,16700,10561,-1.066350710900474,10616,15.34,1.57,1089,0.0,0,-254,-100,1629,-1275,0,0,0,9669,892,10561,254,100,8040,2167,10561,-4262840,-1681000,27471330,-21527490,0,0,0,162212140,14982780,177194920,4262840,1681000,134740810,36510270,177194920
2023-12-26,16710,16710,16000,16040,24807,-3.952095808383234,10616,14.73,1.51,1089,0.0,0,-7355,871,5949,535,0,163,1000,19930,3714,24807,7518,129,13981,3179,24807,-119196790,14373690,97064820,7758280,0,2629700,16500000,324471290,60004580,403605570,121826490,2126310,227406470,52246300,403605570
2023-12-27,16200,16280,15960,16100,8364,0.3740648379052369,10616,14.78,1.52,1089,0.0,0,-658,-29,-1353,2040,0,183,0,4794,3387,8364,841,29,6147,1347,8364,-10568460,-467770,-21684190,32720420,0,2935010,0,76978150,54358220,134271380,13503470,467770,98662340,21637800,134271380
2023-12-28,16100,16910,16040,16550,24210,2.7950310559006213,10616,15.2,1.56,1089,0.0,0,-49,45,-9203,9207,0,0,45,14156,10009,24210,49,0,23359,802,24210,-801670,740400,-151399560,151460830,0,0,740400,233757600,164682710,399180710,801670,0,385157160,13221880,399180710
2024-01-02,16700,16830,16300,16770,11802,1.3293051359516617,10616,15.4,1.58,1089,0.0,0,-510,-1,-1419,1930,0,1,0,8867,2934,11802,511,1,10286,1004,11802,-8553090,-16740,-23533580,32103410,0,16530,0,146931300,48624520,195572350,8569620,16740,170464880,16521110,195572350
2024-01-03,16770,16770,16390,16400,12124,-2.206320810971974,10616,15.06,1.54,1089,0.0,0,-20,0,379,-359,0,0,0,10870,1254,12124,20,0,10491,1613,12124,-328990,0,6211170,-5882180,0,0,0,178617230,20658350,199275580,328990,0,172406060,26540530,199275580
2024-01-04,16430,16430,16010,16190,14567,-1.2804878048780488,10616,14.87,1.53,1089,0.0,0,-2,0,1933,-1931,0,154,0,12830,1583,14567,156,0,10897,3514,14567,-21750,0,31302810,-31281060,0,2505540,0,207355140,25714090,235574770,2527290,0,176052330,56995150,235574770
2024-01-05,16360,17170,16210,16630,33997,2.7177269919703524,10616,15.27,1.57,1089,0.0,0,-474,362,-9654,9766,0,28,362,21272,12335,33997,502,0,30926,2569,33997,-8077150,6150260,-162698920,164625810,0,475400,6150260,358304080,207775980,572705720,8552550,0,521003000,43150170,572705720
2024-01-08,17160,17700,16890,17510,34088,5.2916416115454,10616,16.08,1.65,1089,0.0,0,-2908,0,1782,1126,0,1,0,27057,7030,34088,2909,0,25275,5904,34088,-50815800,0,32230200,18585600,0,17380,0,471389820,121749400,593156600,50833180,0,439159620,103163800,593156600
2024-01-09,17670,17670,17240,17560,14592,0.2855511136493432,10616,16.12,1.65,1089,0.0,0,-129,-268,197,200,0,0,900,10903,2789,14592,129,1168,10706,2589,14592,-2260910,-4877330,3705920,3432320,0,0,15537000,190143190,48619940,254300130,2260910,20414330,186437270,45187620,254300130
2024-01-10,17800,17800,16950,17070,14038,-2.7904328018223232,10616,15.67,1.61,1089,0.0,0,85,-88,412,-409,0,85,0,11754,2199,14038,0,88,11342,2608,14038,1456980,-1504380,7399080,-7351680,0,1456980,0,201031790,37539530,240028300,0,1504380,193632710,44891210,240028300
2024-01-11,17200,17700,16970,17430,12931,2.10896309314587,10616,16.01,1.64,1089,0.0,0,-313,-6,-2263,2582,0,1,0,9495,3435,12931,314,6,11758,853,12931,-5378360,-102580,-39206870,44687810,0,17250,0,164643280,59534060,224194590,5395610,102580,203850150,14846250,224194590
2024-01-12,17600,17600,16800,16910,13350,-2.9833620195065977,10616,15.53,1.59,1089,0.0,0,0,0,4175,-4175,0,0,0,12508,842,13350,0,0,8333,5017,13350,0,0,71520460,-71520460,0,0,0,213073540,14232110,227305650,0,0,141553080,85752570,227305650
2024-01-15,17040,17080,16510,16600,11595,-1.8332347723240685,10616,15.24,1.56,1089,0.0,0,-16,0,1513,-1497,0,1,0,9895,1699,11595,17,0,8382,3196,11595,-266850,0,25313610,-25046760,0,17020,0,165460770,28539050,194016840,283870,0,140147160,53585810,194016840
2024-01-16,16500,16890,16390,16560,6940,-0.24096385542168677,10616,15.21,1.56,1089,0.0,0,-16,0,2335,-2319,0,0,0,6479,461,6940,16,0,4144,2780,6940,-264220,0,38708070,-38443850,0,0,0,106997900,7620390,114618290,264220,0,68289830,46064240,114618290
2024-01-17,16560,16560,16150,16330,15679,-1.3888888888888888,10616,15.0,1.54,1089,0.0,0,23,0,2514,-2537,0,308,0,14073,1298,15679,285,0,11559,3835,15679,386570,0,41083180,-41469750,0,5013660,0,228867540,21102860,254984060,4627090,0,187784360,62572610,254984060
2024-01-18,16290,16800,16130,16740,9820,2.510716472749541,10616,15.37,1.58,1089,0.0,0,-4,0,-2685,2689,0,0,0,5978,3842,9820,4,0,8663,1153,9820,-66040,0,-44362440,44428480,0,0,0,98845800,63541650,162387450,66040,0,143208240,19113170,162387450
2024-01-19,16690,16960,16600,16620,12588,-0.7168458781362007,10616,15.26,1.57,1089,0.0,0,-9,0,-996,1005,0,0,0,9777,2811,12588,9,0,10773,1806,12588,-150940,0,-17023360,17174300,0,0,0,163836340,47438400,211274740,150940,0,180859700,30264100,211274740
2024-01-22,16630,18280,16260,16310,117174,-1.865222623345367,10616,14.98,1.54,1089,0.0,0,-2808,0,15044,-12236,0,153,300,107496,9225,117174,2961,300,92452,21461,117174,-50918940,-374970,261241860,-209947950,0,2495430,4983030,1834701880,156563790,1998744130,53414370,5358000,1573460020,366511740,1998744130
2024-01-23,16330,17040,16320,16720,25663,2.5137952176578784,10616,15.35,1.57,1089,0.0,0,-19,0,-11325,11344,0,0,0,12225,13438,25663,19,0,23550,2094,25663,-317570,0,-190169330,190486900,0,0,0,203865620,225204680,429070300,317570,0,394034950,34717780,429070300
2024-01-24,16670,16750,16400,16660,11950,-0.3588516746411483,10616,15.3,1.57,1089,0.0,0,-489,0,1604,-1115,0,53,0,9739,2158,11950,542,0,8135,3273,11950,-8076290,0,26577490,-18501200,0,879840,0,161572380,35790620,198242840,8956130,0,134994890,54291820,198242840
2024-01-25,16890,16890,16250,16350,17292,-1.8607442977190876,10616,15.01,1.54,1089,0.0,0,-7,500,4909,-5402,0,0,500,15204,1588,17292,7,0,10295,6990,17292,-114650,8155000,80696790,-88737140,0,0,8155000,249290140,26001110,283446250,114650,0,168593350,114738250,283446250
2024-01-26,16350,16750,16250,16480,14978,0.7951070336391437,10616,15.13,1.55,1089,0.0,0,-7,0,-6846,6853,0,0,0,6163,8815,14978,7,0,13009,1962,14978,-115770,0,-113996990,114112760,0,0,0,101858580,146683610,248542190,115770,0,215855570,32570850,248542190
2024-01-29,16450,16820,16250,16270,21874,-1.2742718446601942,10616,14.94,1.53,1089,0.0,0,-9,0,4549,-4540,0,1,0,16510,5363,21874,10,0,11961,9903,21874,-148000,0,74461900,-74313900,0,16690,0,272667670,89461980,362146340,164690,0,198205770,163775880,362146340
2024-01-30,16300,16380,16240,16260,11234,-0.06146281499692685,10616,14.93,1.53,1089,0.0,0,-21,0,3504,-3483,0,0,0,10597,637,11234,21,0,7093,4120,11234,-341950,0,57041240,-56699290,0,0,0,172573750,10379230,182952980,341950,0,115532510,67078520,182952980
2024-01-31,16150,16600,16130,16270,18623,0.06150061500615006,10616,14.94,1.53,1089,0.0,0,-9,0,1223,-1214,0,1,700,15808,2114,18623,10,700,14585,3328,18623,-146090,-210000,20010620,-19654530,0,16220,11340000,257685160,34454540,303495920,162310,11550000,237674540,54109070,303495920
2024-02-01,16280,16280,15700,15730,30289,-3.3189920098340506,10616,14.44,1.48,1089,0.0,0,-9,0,3882,-3873,0,158,0,28072,2059,30289,167,0,24190,5932,30289,-120520,0,62032510,-61911990,0,2513650,0,446001670,32801410,481316730,2634170,0,383969160,94713400,481316730
2024-02-02,16040,16040,15730,15750,9464,0.12714558169103624,10616,14.46,1.48,1089,0.0,0,14,0,650,-664,0,14,0,8850,600,9464,0,0,8200,1264,9464,221840,0,10252640,-10474480,0,221840,0,139900080,9520090,149642010,0,0,129647440,19994570,149642010
2024-02-05,15700,15930,15570,15600,9031,-0.9523809523809524,10616,14.33,1.47,1089,0.0,0,279,0,1281,-1560,0,343,0,8625,63,9031,64,0,7344,1623,9031,4395430,0,20154200,-24549630,0,5397360,0,135204200,984880,141586440,1001930,0,115050000,25534510,141586440
2024-02-06,15600,15600,15200,15400,8123,-1.282051282051282,10616,14.14,1.45,1089,0.0,0,-130,0,720,-590,0,1,0,8040,82,8123,131,0,7320,672,8123,-1990910,0,11101500,-9110590,0,15400,0,123495770,1256640,124767810,2006310,0,112394270,10367230,124767810
2024-02-07,15500,15960,15490,15670,10479,1.753246753246753,10616,14.39,1.48,1089,0.0,0,33,0,-983,950,0,34,0,7545,2900,10479,1,0,8528,1950,10479,516880,0,-15574580,15057700,0,532460,0,118274280,45678660,164485400,15580,0,133848860,30620960,164485400
2024-02-08,15750,15750,15450,15540,5686,-0.8296107211231653,10616,14.27,1.46,1089,0.0,0,-237,0,769,-532,0,0,0,5333,353,5686,237,0,4564,885,5686,-3684770,0,11962640,-8277870,0,0,0,82968000,5498900,88466900,3684770,0,71005360,13776770,88466900
2024-02-13,15800,15800,15480,15550,4388,0.06435006435006435,10616,14.28,1.46,1089,0.0,0,14,0,85,-99,0,15,0,3962,411,4388,1,0,3877,510,4388,218410,0,1320310,-1538720,0,233970,0,61701470,6403770,68339210,15560,0,60381160,7942490,68339210
2024-02-14,15400,15760,15400,15720,5372,1.0932475884244373,10616,14.44,1.48,1089,0.0,0,-67,0,-1482,1549,0,0,0,3631,1741,5372,67,0,5113,192,5372,-1041870,0,-23184350,24226220,0,0,0,56589830,27199690,83789520,1041870,0,79774180,2973470,83789520
2024-02-15,15730,16090,15590,15690,11101,-0.19083969465648853,10616,14.41,1.48,1089,0.0,0,-32,0,-987,1019,0,158,0,8228,2715,11101,190,0,9215,1696,11101,-463010,0,-15785610,16248620,0,2504370,0,129700770,43008070,175213210,2967380,0,145486380,26759450,175213210
2024-02-16,15690,16350,15500,16340,24228,4.1427660930529,10616,15.0,1.54,1089,0.0,0,97,-50,-2230,2183,0,97,0,19954,4177,24228,0,50,22184,1994,24228,1532980,-777910,-35527480,34772410,0,1532980,0,319380560,66652750,387566290,0,777910,354908040,31880340,387566290
2024-02-19,16440,16440,16050,16170,11136,-1.040391676866585,10616,14.85,1.52,1089,0.0,0,-52,0,519,-467,0,0,0,9583,1553,11136,52,0,9064,2020,11136,-838760,0,8490040,-7651280,0,0,0,154547460,24969340,179516800,838760,0,146057420,32620620,179516800
2024-02-20,16120,16200,15990,16070,8564,-0.6184291898577613,10616,14.76,1.51,1089,0.0,0,-69,0,-268,337,0,0,0,6862,1702,8564,69,0,7130,1365,8564,-1108390,0,-4377740,5486130,0,0,0,110159060,27385510,137544570,1108390,0,114536800,21899380,137544570
2024-02-21,16100,16240,15990,15990,8433,-0.49782202862476665,10616,14.68,1.51,1089,0.0,0,-365,0,995,-630,0,6,0,7873,554,8433,371,0,6878,1184,8433,-5860700,0,16017530,-10156830,0,96420,0,126301950,8901850,135300220,5957120,0,110284420,19058680,135300220
2024-02-22,16300,16420,15910,16200,17686,1.3133208255159476,10616,14.88,1.53,1089,0.0,0,-48,0,-621,669,0,1,0,13659,4026,17686,49,0,14280,3357,17686,-774530,0,-10570820,11345350,0,16200,0,220522290,65369650,285908140,790730,0,231093110,54024300,285908140
2024-02-23,16130,16130,15730,15740,12624,-2.8395061728395063,10616,14.45,1.48,1089,0.0,0,-23,0,2686,-2663,0,0,0,12555,69,12624,23,0,9869,2732,12624,-363240,0,42573540,-42210300,0,0,0,198651450,1094230,199745680,363240,0,156077910,43304530,199745680
2024-02-26,15740,15860,15630,15700,8465,-0.25412960609911056,10616,14.42,1.48,1089,0.0,0,-9,0,203,-194,0,1,0,7671,793,8465,10,0,7468,987,8465,-141610,0,3242600,-3100990,0,15720,0,120620280,12477060,133113060,157330,0,117377680,15578050,133113060
2024-02-27,15650,15900,15050,15060,29795,-4.076433121019108,10616,13.83,1.42,1089,0.0,0,-68,0,1238,-1170,0,0,0,27813,1982,29795,68,0,26575,3152,29795,-1032690,0,18624250,-17591560,0,0,0,424792970,30429780,455222750,1032690,0,406168720,48021340,455222750
2024-02-28,15200,15200,14690,14820,20937,-1.593625498007968,10616,13.61,1.4,1089,0.0,0,94,0,158,-252,0,109,0,19919,909,20937,15,0,19761,1161,20937,1400850,0,2387880,-3788730,0,1625240,0,296544720,13578730,311748690,224390,0,294156840,17367460,311748690
2024-02-29,14730,15140,14580,14580,14216,-1.6194331983805668,10616,13.39,1.37,1089,0.0,0,134,0,1940,-2074,0,134,0,13537,545,14216,0,0,11597,2619,14216,1973050,0,28579650,-30552700,0,1973050,0,198744170,8004170,208721390,0,0,170164520,38556870,208721390
2024-03-04,14580,14930,14480,14590,7526,0.06858710562414265,10616,13.4,1.37,1089,0.0,0,77,0,507,-584,0,77,0,7125,324,7526,0,0,6618,908,7526,1125130,0,7411560,-8536690,0,1125130,0,103915140,4723880,109764150,0,0,96503580,13260570,109764150
2024-03-05,14590,14590,14170,14350,17786,-1.644962302947224,10616,13.18,1.35,1089,0.0,0,-95,0,766,-671,0,174,0,16886,726,17786,269,0,16120,1397,17786,-1340710,0,10988600,-9647890,0,2491680,0,241782030,10440690,254714400,3832390,0,230793430,20088580,254714400
2024-03-06,14360,14530,13800,13990,32440,-2.508710801393728,10616,12.85,1.32,1089,0.0,0,-240,0,1322,-1082,0,1,0,30246,2193,32440,241,0,28924,3275,32440,-3374570,0,18564760,-15190190,0,14330,0,425529410,31007960,456551700,3388900,0,406964650,46198150,456551700
2024-03-07,13940,14150,13650,13700,18982,-2.0729092208720514,10616,12.58,1.29,1089,0.0,0,-758,0,3065,-2307,0,1,0,17916,1065,18982,759,0,14851,3372,18982,-10448360,0,42259480,-31811120,0,13770,0,246866870,14626680,261507320,10462130,0,204607390,46437800,261507320
2024-03-08,13690,14480,13690,13850,6715,1.094890510948905,10616,12.72,1.3,1089,0.0,0,0,0,-420,420,0,0,0,5467,1248,6715,0,0,5887,828,6715,0,0,-5735390,5735390,0,0,0,75944040,17172810,93116850,0,0,81679430,11437420,93116850
2024-03-11,13850,14000,13610,13870,7203,0.1444043321299639,10616,12.74,1.31,1089,0.0,0,-479,0,-1876,2355,0,183,0,4602,2418,7203,662,0,6478,63,7203,-6627620,0,-25837120,32464740,0,2510780,0,63279290,33331870,99121940,9138400,0,89116410,867130,99121940
2024-03-12,13870,14150,13800,14150,5702,2.0187454938716654,10616,12.99,1.33,1089,0.0,0,0,0,1379,-1379,0,1,0,5282,419,5702,1,0,3903,1798,5702,170,0,19240720,-19240890,0,14000,0,73609150,5819860,79443010,13830,0,54368430,25060750,79443010
2024-03-13,14090,14200,13890,14020,5098,-0.9187279151943463,10616,12.87,1.32,1089,0.0,0,0,0,776,-776,0,0,0,4482,616,5098,0,0,3706,1392,5098,0,0,10948790,-10948790,0,0,0,62883680,8611430,71495110,0,0,51934890,19560220,71495110
2024-03-14,14310,14310,13980,14040,7851,0.14265335235378032,10616,12.89,1.32,1089,0.0,0,0,0,933,-933,0,21,0,6865,965,7851,21,0,5932,1898,7851,-760,0,13052090,-13051330,0,295910,0,96299860,13560140,110155910,296670,0,83247770,26611470,110155910
2024-03-15,14030,14030,13650,13940,12806,-0.7122507122507122,10616,12.8,1.31,1089,0.0,0,-479,0,-767,1246,0,1,0,10466,2339,12806,480,0,11233,1093,12806,-6564060,0,-10402290,16966350,0,13720,0,143315920,31988310,175317950,6577780,0,153718210,15021960,175317950
2024-03-18,13880,13880,13710,13830,5231,-0.7890961262553802,10616,12.7,1.3,1089,0.0,0,0,0,-374,374,0,1,0,4557,673,5231,1,0,4931,299,5231,70,0,-5177160,5177090,0,13860,0,62806540,9289310,72109710,13790,0,67983700,4112220,72109710
2024-03-19,13730,13860,13680,13720,8323,-0.7953723788864787,10616,12.6,1.29,1089,0.0,0,0,0,-1246,1246,0,180,0,5938,2205,8323,180,0,7184,959,8323,23400,0,-17229070,17205670,0,2487600,0,81436830,30366770,114291200,2464200,0,98665900,13161100,114291200
2024-03-20,13730,13760,13550,13670,12214,-0.36443148688046645,10616,12.55,1.29,1089,0.0,0,-700,0,2278,-1578,0,1,0,10752,1461,12214,701,0,8474,3039,12214,-9545810,0,31110250,-21564440,0,13690,0,146621380,19898590,166533660,9559500,0,115511130,41463030,166533660
2024-03-21,13700,13890,13640,13800,6778,0.9509875640087784,10616,12.67,1.3,1089,0.0,0,0,0,-2111,2111,0,0,0,4498,2280,6778,0,0,6609,169,6778,0,0,-28884520,28884520,0,0,0,61632700,31208520,92841220,0,0,90517220,2324000,92841220
2024-03-22,13700,13890,13650,13890,4810,0.6521739130434783,10616,12.75,1.31,1089,0.0,0,-99,0,-2253,2352,0,0,0,2327,2483,4810,99,0,4580,131,4810,-1367190,0,-31120220,32487410,0,0,0,32162770,34296160,66458930,1367190,0,63282990,1808750,66458930
2024-03-25,13660,14000,13660,14000,7238,0.7919366450683946,10616,12.86,1.32,1089,0.0,0,-549,0,-1426,1975,0,0,0,5232,2006,7238,549,0,6658,31,7238,-7615000,0,-19912630,27527630,0,0,0,72898240,27960210,100858450,7615000,0,92810870,432580,100858450
2024-03-26,13960,14080,13760,13920,6785,-0.5714285714285714,10616,12.78,1.31,1089,0.0,0,-736,0,-12,748,0,0,0,5715,1070,6785,736,0,5727,322,6785,-10293230,0,-153540,10446770,0,0,0,79745280,14943030,94688310,10293230,0,79898820,4496260,94688310
2024-03-27,13920,13930,13700,13730,7706,-1.3649425287356323,10616,12.61,1.29,1089,0.0,0,-122,0,-142,264,0,1,0,7293,412,7706,123,0,7435,148,7706,-1697140,0,-1938030,3635170,0,13770,0,100122320,5671210,105807300,1710910,0,102060350,2036040,105807300
2024-03-28,13790,13980,13660,13910,6764,1.3109978150036417,10616,12.77,1.31,1089,0.0,0,-1642,0,666,976,0,0,0,5310,1454,6764,1642,0,4644,478,6764,-22655770,0,9130220,13525550,0,0,0,73371460,20137280,93508740,22655770,0,64241240,6611730,93508740
2024-03-29,13840,13840,13600,13630,6255,-2.01294033069734,10616,12.52,1.28,1089,0.0,0,0,0,1456,-1456,0,0,0,5955,300,6255,0,0,4499,1756,6255,0,0,19866890,-19866890,0,0,0,81424740,4094970,85519710,0,0,61557850,23961860,85519710
2024-04-01,13650,14290,13650,13870,34516,1.760821716801174,10616,12.74,1.31,1089,0.0,0,0,0,-7420,7420,0,0,646,25273,8597,34516,0,646,32693,1177,34516,0,167040,-103767610,103600570,0,0,9165820,353122880,120110970,482399670,0,8998780,456890490,16510400,482399670
2024-04-02,13950,13960,13690,13820,9407,-0.3604902667627974,10616,12.69,1.3,1089,0.0,0,0,0,1570,-1570,0,0,0,9300,107,9407,0,0,7730,1677,9407,0,0,21734950,-21734950,0,0,0,128514740,1473250,129987990,0,0,106779790,23208200,129987990
2024-04-03,13820,13820,13510,13520,7008,-2.170767004341534,10616,12.42,1.27,1089,0.0,0,0,0,652,-652,0,0,0,7008,0,7008,0,0,6356,652,7008,0,0,8908200,-8908200,0,0,0,95175850,0,95175850,0,0,86267650,8908200,95175850
2024-04-04,13530,13780,13400,13500,8543,-0.14792899408284024,10616,12.4,1.27,1089,0.0,0,0,0,1218,-1218,0,0,0,8476,67,8543,0,0,7258,1285,8543,0,0,16463310,-16463310,0,0,0,114587930,905840,115493770,0,0,98124620,17369150,115493770
2024-04-05,13640,13640,13250,13410,7857,-0.6666666666666667,10616,12.31,1.26,1089,0.0,0,0,-100,-1497,1597,0,0,0,5820,2037,7857,0,100,7317,440,7857,0,-1331440,-19799200,21130640,0,0,0,77543090,27010620,104553710,0,1331440,97342290,5879980,104553710
2024-04-08,13440,13690,13020,13110,11402,-2.237136465324385,10616,12.04,1.23,1089,0.0,0,364,0,3588,-3952,0,364,0,10998,40,11402,0,0,7410,3992,11402,4742280,0,47308490,-52050770,0,4742280,0,144894200,522400,150158880,0,0,97585710,52573170,150158880
2024-04-09,13400,13400,13100,13110,5549,0.0,10616,12.04,1.23,1089,0.0,0,-948,0,1925,-977,0,190,0,4930,429,5549,1138,0,3005,1406,5549,-12469150,0,25557290,-13088140,0,2496600,0,65257460,5642830,73396890,14965750,0,39700170,18730970,73396890
2024-04-11,13110,13110,12800,13010,17779,-0.7627765064836003,10616,11.95,1.23,1089,0.0,0,-13052,0,13262,-210,0,0,0,17074,705,17779,13052,0,3812,915,17779,-167724070,0,170531690,-2807620,0,0,0,219628650,9049880,228678530,167724070,0,49096960,11857500,228678530
2024-04-12,12840,13500,12800,12980,9668,-0.23059185242121444,10616,11.92,1.22,1089,0.0,0,-2580,0,2691,-111,0,0,0,9137,531,9668,2580,0,6446,642,9668,-33245320,0,34657480,-1412160,0,0,0,117891510,6853690,124745200,33245320,0,83234030,8265850,124745200
2024-04-15,12800,12980,12100,12600,7676,-2.9275808936825887,10616,11.57,1.19,1089,0.0,0,4000,0,-3252,-748,0,4000,0,3352,324,7676,0,0,6604,1072,7676,51414460,0,-41754430,-9660030,0,51414460,0,42297940,4102460,97814860,0,0,84052370,13762490,97814860
2024-04-16,12300,12900,12220,12260,8688,-2.6984126984126986,10616,11.26,1.15,1089,0.0,0,1698,0,-1996,298,0,2500,0,5097,1091,8688,802,0,7093,793,8688,21406820,0,-25104520,3697700,0,31532820,0,63547090,13624450,108704360,10126000,0,88651610,9926750,108704360
2024-04-17,12450,12450,12180,12200,6366,-0.48939641109298526,10616,11.2,1.15,1089,0.0,0,-1868,0,2325,-457,0,0,0,5727,639,6366,1868,0,3402,1096,6366,-22943280,0,28511280,-5568000,0,0,0,70163550,7851710,78015260,22943280,0,41652270,13419710,78015260
2024-04-18,12280,12400,12030,12210,21574,0.08196721311475409,10616,11.21,1.15,1089,0.0,0,-9230,0,8108,1122,0,3320,0,16499,1755,21574,12550,0,8391,633,21574,-111957290,0,98303270,13654020,0,40400040,0,200571720,21373040,262344800,152357330,0,102268450,7719020,262344800
2024-04-19,12230,12390,11600,11990,26652,-1.8018018018018018,10616,11.01,1.13,1089,0.0,0,-6199,21,7477,-1299,0,5674,21,18816,2141,26652,11873,0,11339,3440,26652,-72997290,251550,88494050,-15748310,0,68243020,251550,224149700,25491370,318135640,141240310,0,135655650,41239680,318135640
2024-04-22,11960,12280,11350,11400,42097,-4.920767306088407,10616,10.47,1.07,1089,0.0,0,-29012,22,26718,2272,0,2835,22,35846,3394,42097,31847,0,9128,1122,42097,-340288250,252710,313144570,26890970,0,33788460,252710,420422310,40165480,494628960,374076710,0,107277740,13274510,494628960
2024-04-23,11430,14430,11430,12500,947037,9.649122807017543,10616,11.48,1.18,1089,0.0,0,-1,-23,3946,-3922,0,135,2202,852534,98591,953462,136,2225,848588,102513,953462,-33370,-217440,70841560,-70590750,0,1826090,30217280,11600446130,1326000170,12958489670,1859460,30434720,11529604570,1396590920,12958489670
